p_pdb_id,q_pdb_id,Residue length,0,0_RMSDhk,0_computation_time,0_iter_num,1,1_RMSDhk,1_computation_time,1_iter_num,2,2_RMSDhk,2_computation_time,2_iter_num,3,3_RMSDhk,3_computation_time,3_iter_num,4,4_RMSDhk,4_computation_time,4_iter_num,5,5_RMSDhk,5_computation_time,5_iter_num,6,6_RMSDhk,6_computation_time,6_iter_num,7,7_RMSDhk,7_computation_time,7_iter_num,8,8_RMSDhk,8_computation_time,8_iter_num,9,9_RMSDhk,9_computation_time,9_iter_num,10,10_RMSDhk,10_computation_time,10_iter_num,11,11_RMSDhk,11_computation_time,11_iter_num,12,12_RMSDhk,12_computation_time,12_iter_num,13,13_RMSDhk,13_computation_time,13_iter_num,14,14_RMSDhk,14_computation_time,14_iter_num,15,15_RMSDhk,15_computation_time,15_iter_num,16,16_RMSDhk,16_computation_time,16_iter_num,17,17_RMSDhk,17_computation_time,17_iter_num,18,18_RMSDhk,18_computation_time,18_iter_num,19,19_RMSDhk,19_computation_time,19_iter_num,20,20_RMSDhk,20_computation_time,20_iter_num,21,21_RMSDhk,21_computation_time,21_iter_num,22,22_RMSDhk,22_computation_time,22_iter_num,23,23_RMSDhk,23_computation_time,23_iter_num,24,24_RMSDhk,24_computation_time,24_iter_num,25,25_RMSDhk,25_computation_time,25_iter_num,26,26_RMSDhk,26_computation_time,26_iter_num,27,27_RMSDhk,27_computation_time,27_iter_num,28,28_RMSDhk,28_computation_time,28_iter_num,29,29_RMSDhk,29_computation_time,29_iter_num,30,30_RMSDhk,30_computation_time,30_iter_num,31,31_RMSDhk,31_computation_time,31_iter_num,32,32_RMSDhk,32_computation_time,32_iter_num,33,33_RMSDhk,33_computation_time,33_iter_num,34,34_RMSDhk,34_computation_time,34_iter_num,35,35_RMSDhk,35_computation_time,35_iter_num,36,36_RMSDhk,36_computation_time,36_iter_num,37,37_RMSDhk,37_computation_time,37_iter_num,38,38_RMSDhk,38_computation_time,38_iter_num,39,39_RMSDhk,39_computation_time,39_iter_num,40,40_RMSDhk,40_computation_time,40_iter_num,41,41_RMSDhk,41_computation_time,41_iter_num,42,42_RMSDhk,42_computation_time,42_iter_num,43,43_RMSDhk,43_computation_time,43_iter_num,44,44_RMSDhk,44_computation_time,44_iter_num,45,45_RMSDhk,45_computation_time,45_iter_num,46,46_RMSDhk,46_computation_time,46_iter_num,47,47_RMSDhk,47_computation_time,47_iter_num,48,48_RMSDhk,48_computation_time,48_iter_num,49,49_RMSDhk,49_computation_time,49_iter_num,50,50_RMSDhk,50_computation_time,50_iter_num,51,51_RMSDhk,51_computation_time,51_iter_num,52,52_RMSDhk,52_computation_time,52_iter_num,53,53_RMSDhk,53_computation_time,53_iter_num,54,54_RMSDhk,54_computation_time,54_iter_num,55,55_RMSDhk,55_computation_time,55_iter_num,56,56_RMSDhk,56_computation_time,56_iter_num,57,57_RMSDhk,57_computation_time,57_iter_num,58,58_RMSDhk,58_computation_time,58_iter_num,59,59_RMSDhk,59_computation_time,59_iter_num,60,60_RMSDhk,60_computation_time,60_iter_num,61,61_RMSDhk,61_computation_time,61_iter_num,62,62_RMSDhk,62_computation_time,62_iter_num,63,63_RMSDhk,63_computation_time,63_iter_num,64,64_RMSDhk,64_computation_time,64_iter_num,65,65_RMSDhk,65_computation_time,65_iter_num,66,66_RMSDhk,66_computation_time,66_iter_num,67,67_RMSDhk,67_computation_time,67_iter_num,68,68_RMSDhk,68_computation_time,68_iter_num,69,69_RMSDhk,69_computation_time,69_iter_num,70,70_RMSDhk,70_computation_time,70_iter_num,71,71_RMSDhk,71_computation_time,71_iter_num,72,72_RMSDhk,72_computation_time,72_iter_num,73,73_RMSDhk,73_computation_time,73_iter_num,74,74_RMSDhk,74_computation_time,74_iter_num,75,75_RMSDhk,75_computation_time,75_iter_num,76,76_RMSDhk,76_computation_time,76_iter_num,77,77_RMSDhk,77_computation_time,77_iter_num,78,78_RMSDhk,78_computation_time,78_iter_num,79,79_RMSDhk,79_computation_time,79_iter_num,80,80_RMSDhk,80_computation_time,80_iter_num,81,81_RMSDhk,81_computation_time,81_iter_num,82,82_RMSDhk,82_computation_time,82_iter_num,83,83_RMSDhk,83_computation_time,83_iter_num,84,84_RMSDhk,84_computation_time,84_iter_num,85,85_RMSDhk,85_computation_time,85_iter_num,86,86_RMSDhk,86_computation_time,86_iter_num,87,87_RMSDhk,87_computation_time,87_iter_num,88,88_RMSDhk,88_computation_time,88_iter_num,89,89_RMSDhk,89_computation_time,89_iter_num,90,90_RMSDhk,90_computation_time,90_iter_num,91,91_RMSDhk,91_computation_time,91_iter_num,92,92_RMSDhk,92_computation_time,92_iter_num,93,93_RMSDhk,93_computation_time,93_iter_num,94,94_RMSDhk,94_computation_time,94_iter_num,95,95_RMSDhk,95_computation_time,95_iter_num,96,96_RMSDhk,96_computation_time,96_iter_num,97,97_RMSDhk,97_computation_time,97_iter_num,98,98_RMSDhk,98_computation_time,98_iter_num,99,99_RMSDhk,99_computation_time,99_iter_num
1cbu,1c9k,180,35 : 52,0.977277,1.48203,2,35 : 52,0.977277,1.47419,2,35 : 52,0.977277,3.10686,4,35 : 52,0.977277,3.24967,4,35 : 52,0.977277,1.44702,2,35 : 52,0.977277,1.42,2,35 : 52,0.977277,1.38629,2,35 : 52,0.977277,3.12213,4,35 : 52,0.977277,2.30886,3,35 : 52,0.977277,2.29137,3,35 : 52,0.977277,1.42988,2,35 : 52,0.977277,1.45788,2,35 : 52,0.977277,3.09682,4,35 : 52,0.977277,1.40498,2,35 : 52,0.977277,1.42111,2,35 : 52,0.977277,3.17688,4,35 : 52,0.977277,1.41772,2,35 : 52,0.977277,3.14355,4,35 : 52,0.977277,1.46345,2,35 : 52,0.977277,1.41896,2,35 : 52,0.977277,1.4335,2,35 : 52,0.977277,1.38534,2,35 : 52,0.977277,3.16939,4,35 : 52,0.977277,3.18762,4,35 : 52,0.977277,3.14637,4,35 : 52,0.977277,1.48379,2,35 : 52,0.977277,1.39548,2,35 : 52,0.977277,3.21457,4,35 : 52,0.977277,1.44933,2,35 : 52,0.977277,1.50286,2,35 : 52,0.977277,1.36806,2,35 : 52,0.977277,1.50952,2,35 : 52,0.977277,3.18497,4,35 : 52,0.977277,1.3668,2,35 : 52,0.977277,1.41045,2,35 : 52,0.977277,3.21675,4,35 : 52,0.977277,1.40874,2,35 : 52,0.977277,3.19876,4,35 : 52,0.977277,1.50939,2,35 : 52,0.977277,3.15309,4,35 : 52,0.977277,1.47079,2,35 : 52,0.977277,2.30762,3,35 : 52,0.977277,2.31487,3,35 : 52,0.977277,3.13688,4,35 : 52,0.977277,3.26229,4,35 : 52,0.977277,3.19048,4,35 : 52,0.977277,1.43622,2,35 : 52,0.977277,3.18703,4,35 : 52,0.977277,1.50636,2,35 : 52,0.977277,3.2087,4,35 : 52,0.977277,3.12699,4,35 : 52,0.977277,1.38199,2,35 : 52,0.977277,3.20942,4,35 : 52,0.977277,1.51048,2,35 : 52,0.977277,1.42315,2,35 : 52,0.977277,1.45653,2,35 : 52,0.977277,3.14809,4,35 : 52,0.977277,3.18377,4,35 : 52,0.977277,2.29771,3,35 : 52,0.977277,3.15061,4,35 : 52,0.977277,1.50633,2,35 : 52,0.977277,1.39871,2,35 : 52,0.977277,1.43708,2,35 : 52,0.977277,1.40396,2,35 : 52,0.977277,1.4988,2,35 : 52,0.977277,3.25661,4,35 : 52,0.977277,1.42013,2,35 : 52,0.977277,1.43009,2,35 : 52,0.977277,3.14017,4,35 : 52,0.977277,1.47448,2,35 : 52,0.977277,1.4904,2,35 : 52,0.977277,3.1969,4,35 : 52,0.977277,1.43143,2,35 : 52,0.977277,3.15757,4,35 : 52,0.977277,1.41012,2,35 : 52,0.977277,3.21657,4,35 : 52,0.977277,1.45259,2,35 : 52,0.977277,3.17041,4,35 : 52,0.977277,3.21233,4,35 : 52,0.977277,3.20443,4,35 : 52,0.977277,1.46548,2,35 : 52,0.977277,2.30502,3,35 : 52,0.977277,1.43901,2,35 : 52,0.977277,3.17074,4,35 : 52,0.977277,3.13038,4,35 : 52,0.977277,1.43976,2,35 : 52,0.977277,1.50713,2,35 : 52,0.977277,1.42932,2,35 : 52,0.977277,1.40475,2,35 : 52,0.977277,3.12502,4,35 : 52,0.977277,1.44132,2,35 : 52,0.977277,1.43488,2,35 : 52,0.977277,3.12819,4,35 : 52,0.977277,1.40756,2,35 : 52,0.977277,1.45376,2,35 : 52,0.977277,1.42588,2,35 : 52,0.977277,1.50159,2,35 : 52,0.977277,1.42536,2,35 : 52,0.977277,3.14393,4,35 : 52,0.977277,1.49727,2
3hvp,4hvp,97,45 : 57,0.727012,0.890129,2,45 : 57,0.727012,1.23548,3,45 : 57,0.727012,0.836539,2,45 : 57,0.727012,0.792043,2,45 : 57,0.727012,0.77953,2,45 : 57,0.727012,0.735504,2,45 : 57,0.727012,1.25907,3,45 : 57,0.727012,0.789062,2,45 : 57,0.727012,1.18761,3,45 : 57,0.727012,0.79589,2,45 : 57,0.727012,1.31441,3,45 : 57,0.727012,0.796812,2,45 : 57,0.727012,0.817235,2,45 : 57,0.727012,1.25848,3,45 : 57,0.727012,1.18645,3,45 : 57,0.727012,0.814296,2,45 : 57,0.727012,1.44643,3,45 : 57,0.727012,0.855829,2,45 : 57,0.727012,0.83617,2,45 : 57,0.727012,1.48704,3,45 : 57,0.727012,0.848831,2,45 : 57,0.727012,1.32253,3,45 : 57,0.727012,0.850964,2,45 : 57,0.727012,0.846676,2,45 : 57,0.727012,0.747456,2,45 : 57,0.727012,0.853847,2,45 : 57,0.727012,0.738735,2,45 : 57,0.727012,0.807529,2,45 : 57,0.727012,0.853906,2,45 : 57,0.727012,0.764913,2,45 : 57,0.727012,0.833248,2,45 : 57,0.727012,0.751728,2,45 : 57,0.727012,0.811509,2,45 : 57,0.727012,1.19008,3,45 : 57,0.727012,0.810009,2,45 : 57,0.727012,0.853099,2,45 : 57,0.727012,0.865688,2,45 : 57,0.727012,0.873965,2,45 : 57,0.727012,1.29501,3,45 : 57,0.727012,1.26154,3,45 : 57,0.727012,0.807623,2,45 : 57,0.727012,0.769788,2,45 : 57,0.727012,0.780866,2,45 : 57,0.727012,0.823093,2,45 : 57,0.727012,0.852652,2,45 : 57,0.727012,1.19605,3,45 : 57,0.727012,1.44701,3,45 : 57,0.727012,0.852395,2,45 : 57,0.727012,0.812411,2,45 : 57,0.727012,0.78989,2,45 : 57,0.727012,0.735091,2,45 : 57,0.727012,0.819283,2,45 : 57,0.727012,0.785449,2,45 : 57,0.727012,1.26374,3,45 : 57,0.727012,1.24547,3,45 : 57,0.727012,1.44679,3,45 : 57,0.727012,1.23329,3,45 : 57,0.727012,0.77731,2,45 : 57,0.727012,1.25671,3,45 : 57,0.727012,1.26576,3,45 : 57,0.727012,1.24046,3,45 : 57,0.727012,0.802941,2,45 : 57,0.727012,0.778464,2,45 : 57,0.727012,0.831361,2,45 : 57,0.727012,0.814501,2,45 : 57,0.727012,1.23488,3,45 : 57,0.727012,0.844203,2,45 : 57,0.727012,1.24791,3,45 : 57,0.727012,0.784923,2,45 : 57,0.727012,0.785444,2,45 : 57,0.727012,1.24726,3,45 : 57,0.727012,1.22629,3,45 : 57,0.727012,1.32131,3,45 : 57,0.727012,1.51463,3,45 : 57,0.727012,1.21806,3,45 : 57,0.727012,1.4508,3,45 : 57,0.727012,1.45247,3,45 : 57,0.727012,0.826282,2,45 : 57,0.727012,0.838216,2,45 : 57,0.727012,1.25738,3,45 : 57,0.727012,1.44182,3,45 : 57,0.727012,0.732425,2,45 : 57,0.727012,0.839929,2,45 : 57,0.727012,1.24417,3,45 : 57,0.727012,1.4496,3,45 : 57,0.727012,0.851908,2,45 : 57,0.727012,0.828741,2,45 : 57,0.727012,0.743405,2,45 : 57,0.727012,0.803747,2,45 : 57,0.727012,0.840817,2,45 : 57,0.727012,0.851746,2,45 : 57,0.727012,0.828049,2,45 : 57,0.727012,0.776282,2,45 : 57,0.727012,0.849335,2,45 : 57,0.727012,1.44463,3,45 : 57,0.727012,0.794762,2,45 : 57,0.727012,0.80832,2,45 : 57,0.727012,0.780881,2,45 : 57,0.727012,0.8315,2,45 : 57,0.727012,1.23442,3
1ldm,6ldh,329,117 : 325,1.45277,3.28091,2,98 : 110,1.14354,2.49954,2,98 : 110,1.14354,4.02308,3,98 : 110,1.14354,2.48092,2,117 : 325,1.45277,3.20866,2,98 : 110,1.14354,4.04547,3,98 : 110,1.14354,2.37952,2,117 : 325,1.45277,3.06179,2,98 : 110,1.14354,4.0562,3,98 : 110,1.14354,4.07542,3,98 : 110,1.14354,4.04587,3,117 : 325,1.45277,3.21122,2,98 : 110,1.14354,2.43605,2,98 : 110,1.14354,2.63925,2,117 : 325,1.45277,3.04393,2,117 : 325,1.45277,2.9065,2,117 : 325,1.45277,3.06442,2,117 : 325,1.45277,3.23116,2,117 : 325,1.45277,3.01075,2,117 : 325,1.45277,3.07063,2,98 : 110,1.14354,4.05591,3,98 : 110,1.14354,2.44346,2,98 : 110,1.14354,2.42148,2,98 : 110,1.14354,2.61878,2,117 : 325,1.45277,3.22598,2,98 : 110,1.14354,2.45535,2,117 : 325,1.45277,3.09431,2,117 : 325,1.45277,3.27752,2,117 : 325,1.45277,3.21678,2,117 : 325,1.45277,3.23914,2,98 : 110,1.14354,4.05406,3,98 : 110,1.14354,4.0576,3,117 : 325,1.45277,3.21115,2,98 : 110,1.14354,2.46992,2,98 : 110,1.14354,2.41077,2,117 : 325,1.45277,3.05025,2,98 : 110,1.14354,2.39949,2,98 : 110,1.14354,2.43681,2,98 : 110,1.14354,2.43056,2,117 : 325,1.45277,3.21842,2,98 : 110,1.14354,4.07907,3,117 : 325,1.45277,3.24232,2,98 : 110,1.14354,2.46242,2,117 : 325,1.45277,3.15217,2,117 : 325,1.45277,3.23754,2,117 : 325,1.45277,3.07751,2,98 : 110,1.14354,2.48389,2,117 : 325,1.45277,3.25984,2,117 : 325,1.45277,3.18554,2,98 : 110,1.14354,2.62122,2,98 : 110,1.14354,2.43232,2,117 : 325,1.45277,3.18979,2,98 : 110,1.14354,2.61485,2,117 : 325,1.45277,3.32051,2,117 : 325,1.45277,2.85609,2,98 : 110,1.14354,4.08889,3,98 : 110,1.14354,4.04892,3,117 : 325,1.45277,3.21084,2,117 : 325,1.45277,3.15927,2,117 : 325,1.45277,2.9616,2,98 : 110,1.14354,2.47141,2,98 : 110,1.14354,4.00572,3,98 : 110,1.14354,2.61998,2,117 : 325,1.45277,2.88029,2,117 : 325,1.45277,3.30558,2,117 : 325,1.45277,2.98439,2,98 : 110,1.14354,4.08143,3,117 : 325,1.45277,3.18925,2,98 : 110,1.14354,4.06625,3,117 : 325,1.45277,3.06455,2,98 : 110,1.14354,2.61074,2,117 : 325,1.45277,2.94536,2,98 : 110,1.14354,4.05975,3,98 : 110,1.14354,4.08429,3,117 : 325,1.45277,3.21284,2,98 : 110,1.14354,4.08147,3,117 : 325,1.45277,3.2211,2,98 : 110,1.14354,2.39188,2,117 : 325,1.45277,2.9405,2,117 : 325,1.45277,2.90306,2,117 : 325,1.45277,2.88806,2,98 : 110,1.14354,4.03301,3,98 : 110,1.14354,2.43055,2,98 : 110,1.14354,2.61456,2,98 : 110,1.14354,4.09129,3,98 : 110,1.14354,2.61864,2,117 : 325,1.45277,3.25167,2,117 : 325,1.45277,3.08064,2,117 : 325,1.45277,3.00478,2,98 : 110,1.14354,2.62638,2,117 : 325,1.45277,3.02004,2,98 : 110,1.14354,2.42209,2,117 : 325,1.45277,3.25279,2,117 : 325,1.45277,3.31424,2,98 : 110,1.14354,2.4757,2,98 : 110,1.14354,2.45705,2,98 : 110,1.14354,2.43004,2,98 : 110,1.14354,2.61823,2,98 : 110,1.14354,2.46018,2,117 : 325,1.45277,2.98627,2
149l,1l53,164,12 : 76,0.532229,1.56262,2,12 : 76,0.532229,1.69459,2,12 : 76,0.532229,1.6414,2,12 : 76,0.532229,3.13309,4,12 : 76,0.532229,2.26901,3,12 : 76,0.532229,1.62783,2,12 : 76,0.532229,3.09098,4,12 : 76,0.532229,1.6509,2,12 : 76,0.532229,1.59356,2,12 : 76,0.532229,1.59599,2,12 : 76,0.532229,1.62806,2,12 : 76,0.532229,1.62735,2,12 : 76,0.532229,1.53118,2,12 : 76,0.532229,1.6496,2,12 : 76,0.532229,3.01139,4,12 : 76,0.532229,3.10856,4,12 : 76,0.532229,1.5736,2,12 : 76,0.532229,1.6682,2,12 : 76,0.532229,3.04443,4,12 : 76,0.532229,3.01144,4,12 : 76,0.532229,1.53239,2,12 : 76,0.532229,1.68495,2,12 : 76,0.532229,1.67943,2,12 : 76,0.532229,1.56439,2,12 : 76,0.532229,1.54985,2,12 : 76,0.532229,1.60392,2,12 : 76,0.532229,1.66328,2,12 : 76,0.532229,1.61796,2,12 : 76,0.532229,1.66272,2,12 : 76,0.532229,3.10487,4,12 : 76,0.532229,3.12048,4,12 : 76,0.532229,3.1485,4,12 : 76,0.532229,3.09085,4,12 : 76,0.532229,3.02192,4,12 : 76,0.532229,1.61832,2,12 : 76,0.532229,1.67069,2,12 : 76,0.532229,3.14531,4,12 : 76,0.532229,1.56118,2,12 : 76,0.532229,1.52524,2,12 : 76,0.532229,1.60789,2,12 : 76,0.532229,1.63345,2,12 : 76,0.532229,1.59697,2,12 : 76,0.532229,1.6822,2,12 : 76,0.532229,3.01197,4,12 : 76,0.532229,1.63447,2,12 : 76,0.532229,1.59776,2,12 : 76,0.532229,1.52759,2,12 : 76,0.532229,1.61517,2,12 : 76,0.532229,1.71174,2,12 : 76,0.532229,3.17554,4,12 : 76,0.532229,1.60154,2,12 : 76,0.532229,1.65385,2,12 : 76,0.532229,1.68118,2,12 : 76,0.532229,1.53458,2,12 : 76,0.532229,3.14918,4,12 : 76,0.532229,1.53171,2,12 : 76,0.532229,1.6215,2,12 : 76,0.532229,1.62767,2,12 : 76,0.532229,3.06881,4,12 : 76,0.532229,3.07623,4,12 : 76,0.532229,3.01307,4,12 : 76,0.532229,1.57142,2,12 : 76,0.532229,3.08137,4,12 : 76,0.532229,2.27727,3,12 : 76,0.532229,1.53041,2,12 : 76,0.532229,1.65054,2,12 : 76,0.532229,1.61591,2,12 : 76,0.532229,3.12851,4,12 : 76,0.532229,1.53414,2,12 : 76,0.532229,1.64904,2,12 : 76,0.532229,1.60214,2,12 : 76,0.532229,2.28333,3,12 : 76,0.532229,1.58846,2,12 : 76,0.532229,1.56828,2,12 : 76,0.532229,1.61947,2,12 : 76,0.532229,1.62105,2,12 : 76,0.532229,1.68559,2,12 : 76,0.532229,1.59518,2,12 : 76,0.532229,1.644,2,12 : 76,0.532229,1.51886,2,12 : 76,0.532229,3.09832,4,12 : 76,0.532229,1.57244,2,12 : 76,0.532229,1.52845,2,12 : 76,0.532229,1.67766,2,12 : 76,0.532229,1.55685,2,12 : 76,0.532229,1.66692,2,12 : 76,0.532229,1.52491,2,12 : 76,0.532229,3.01494,4,12 : 76,0.532229,3.14757,4,12 : 76,0.532229,3.04117,4,12 : 76,0.532229,1.67955,2,12 : 76,0.532229,1.61547,2,12 : 76,0.532229,1.522,2,12 : 76,0.532229,1.54244,2,12 : 76,0.532229,1.64307,2,12 : 76,0.532229,1.61178,2,12 : 76,0.532229,1.66026,2,12 : 76,0.532229,1.51716,2,12 : 76,0.532229,1.6193,2,12 : 76,0.532229,1.67608,2
1bpd,2bpg,324,84 : 253,1.04415,4.96904,3,84 : 253,1.04415,4.97454,3,84 : 253,1.04415,5.01467,3,84 : 253,1.04415,5.05715,3,84 : 253,1.04415,3.24572,2,84 : 253,1.04415,3.05052,2,84 : 253,1.04415,3.3973,2,84 : 253,1.04415,3.3179,2,84 : 253,1.04415,4.98879,3,84 : 253,1.04415,3.35973,2,84 : 253,1.04415,3.08382,2,84 : 253,1.04415,3.24381,2,84 : 253,1.04415,5.00518,3,84 : 253,1.04415,4.80303,2,84 : 253,1.04415,3.77487,2,84 : 253,1.04415,5.14032,3,84 : 253,1.04415,4.90109,3,84 : 253,1.04415,3.0553,2,84 : 253,1.04415,3.17518,2,84 : 253,1.04415,3.32636,2,84 : 253,1.04415,2.96587,2,84 : 253,1.04415,2.90287,2,84 : 253,1.04415,4.90078,3,84 : 253,1.04415,3.19114,2,84 : 253,1.04415,3.29896,2,84 : 253,1.04415,4.90844,3,84 : 253,1.04415,4.93389,3,84 : 253,1.04415,3.20601,2,84 : 253,1.04415,3.07095,2,84 : 253,1.04415,3.24206,2,84 : 253,1.04415,2.99001,2,84 : 253,1.04415,5.03381,3,84 : 253,1.04415,4.92618,3,84 : 253,1.04415,4.97028,3,84 : 253,1.04415,4.9138,3,84 : 253,1.04415,5.02525,3,84 : 253,1.04415,4.93628,3,84 : 253,1.04415,4.91637,3,84 : 253,1.04415,3.12809,2,84 : 253,1.04415,3.05992,2,84 : 253,1.04415,2.94228,2,84 : 253,1.04415,2.88758,2,84 : 253,1.04415,3.23345,2,84 : 253,1.04415,5.17905,3,84 : 253,1.04415,5.03205,3,84 : 253,1.04415,5.0155,3,84 : 253,1.04415,2.88153,2,84 : 253,1.04415,4.96948,3,84 : 253,1.04415,3.25466,2,84 : 253,1.04415,3.11396,2,84 : 253,1.04415,4.90651,3,84 : 253,1.04415,3.00764,2,84 : 253,1.04415,3.06183,2,84 : 253,1.04415,4.9433,3,84 : 253,1.04415,3.25316,2,84 : 253,1.04415,5.06813,3,84 : 253,1.04415,4.91586,3,84 : 253,1.04415,3.07659,2,84 : 253,1.04415,3.06362,2,84 : 253,1.04415,5.03243,3,84 : 253,1.04415,5.02935,3,84 : 253,1.04415,2.885,2,84 : 253,1.04415,4.97979,3,84 : 253,1.04415,4.92381,3,84 : 253,1.04415,4.95134,3,84 : 253,1.04415,3.00502,2,84 : 253,1.04415,4.95094,3,84 : 253,1.04415,3.20216,2,84 : 253,1.04415,4.9346,3,84 : 253,1.04415,4.93541,3,84 : 253,1.04415,2.96441,2,84 : 253,1.04415,3.25498,2,84 : 253,1.04415,3.02185,2,84 : 253,1.04415,5.38867,3,84 : 253,1.04415,2.94487,2,84 : 253,1.04415,5.01797,3,84 : 253,1.04415,4.97579,3,84 : 253,1.04415,4.90335,3,84 : 253,1.04415,4.9728,3,84 : 253,1.04415,3.27878,2,84 : 253,1.04415,4.92959,3,84 : 253,1.04415,3.32019,2,84 : 253,1.04415,3.0958,2,84 : 253,1.04415,3.25084,2,84 : 253,1.04415,3.25073,2,84 : 253,1.04415,5.04377,3,84 : 253,1.04415,3.3255,2,84 : 253,1.04415,4.94184,3,84 : 253,1.04415,3.31775,2,84 : 253,1.04415,3.25073,2,84 : 253,1.04415,3.25293,2,84 : 253,1.04415,3.12777,2,84 : 253,1.04415,5.00017,3,84 : 253,1.04415,2.97159,2,84 : 253,1.04415,3.10007,2,84 : 253,1.04415,2.88602,2,84 : 253,1.04415,2.97923,2,84 : 253,1.04415,5.00872,3,84 : 253,1.04415,3.06367,2,84 : 253,1.04415,5.07607,3
1ezm,1u4g,298,84 : 134,0.559573,2.67678,2,84 : 134,0.559573,2.71175,2,134 : 187,0.616876,2.29086,2,84 : 134,0.559573,2.39914,2,134 : 187,0.616876,2.30606,2,134 : 187,0.616876,2.33087,2,84 : 134,0.559573,2.65634,2,84 : 134,0.559573,2.55095,2,134 : 187,0.616876,2.26566,2,84 : 134,0.559573,2.51347,2,84 : 134,0.559573,2.42826,2,84 : 134,0.559573,2.51189,2,84 : 134,0.559573,2.69661,2,134 : 187,0.616876,2.30331,2,84 : 134,0.559573,2.68105,2,84 : 134,0.559573,2.49034,2,134 : 187,0.616876,2.28685,2,134 : 187,0.616876,2.43067,2,84 : 134,0.559573,2.70658,2,134 : 187,0.616876,2.27238,2,84 : 134,0.559573,2.71867,2,84 : 134,0.559573,2.67874,2,134 : 187,0.616876,2.26762,2,84 : 134,0.559573,2.57616,2,84 : 134,0.559573,2.49497,2,84 : 134,0.559573,2.65579,2,84 : 134,0.559573,2.66405,2,134 : 187,0.616876,2.33,2,84 : 134,0.559573,2.4871,2,134 : 187,0.616876,2.3864,2,84 : 134,0.559573,2.63554,2,134 : 187,0.616876,2.36423,2,84 : 134,0.559573,2.57439,2,134 : 187,0.616876,2.34024,2,84 : 134,0.559573,2.68404,2,84 : 134,0.559573,2.66331,2,134 : 187,0.616876,2.34234,2,134 : 187,0.616876,2.35144,2,84 : 134,0.559573,2.55534,2,134 : 187,0.616876,2.36134,2,84 : 134,0.559573,2.41723,2,84 : 134,0.559573,2.69194,2,134 : 187,0.616876,2.35234,2,134 : 187,0.616876,2.26527,2,84 : 134,0.559573,2.58081,2,84 : 134,0.559573,2.41223,2,134 : 187,0.616876,2.27726,2,84 : 134,0.559573,2.44787,2,84 : 134,0.559573,2.44234,2,134 : 187,0.616876,2.31652,2,84 : 134,0.559573,2.40649,2,84 : 134,0.559573,2.57552,2,134 : 187,0.616876,2.32682,2,84 : 134,0.559573,2.62744,2,84 : 134,0.559573,2.71279,2,84 : 134,0.559573,2.48281,2,84 : 134,0.559573,2.42558,2,84 : 134,0.559573,2.42197,2,84 : 134,0.559573,2.45382,2,134 : 187,0.616876,2.26479,2,84 : 134,0.559573,2.6312,2,134 : 187,0.616876,2.34254,2,84 : 134,0.559573,2.72316,2,84 : 134,0.559573,2.56185,2,134 : 187,0.616876,2.27363,2,84 : 134,0.559573,2.44746,2,84 : 134,0.559573,2.70433,2,84 : 134,0.559573,2.60231,2,84 : 134,0.559573,2.45285,2,134 : 187,0.616876,2.31212,2,134 : 187,0.616876,2.34027,2,84 : 134,0.559573,2.6806,2,84 : 134,0.559573,2.59186,2,84 : 134,0.559573,2.66441,2,134 : 187,0.616876,2.34178,2,84 : 134,0.559573,2.70129,2,84 : 134,0.559573,2.54916,2,134 : 187,0.616876,2.32025,2,84 : 134,0.559573,2.64943,2,84 : 134,0.559573,2.4136,2,134 : 187,0.616876,2.28942,2,84 : 134,0.559573,2.55614,2,134 : 187,0.616876,2.43033,2,134 : 187,0.616876,2.28008,2,84 : 134,0.559573,2.56557,2,84 : 134,0.559573,2.53882,2,84 : 134,0.559573,2.65211,2,84 : 134,0.559573,2.39154,2,84 : 134,0.559573,2.5975,2,84 : 134,0.559573,2.52366,2,84 : 134,0.559573,2.66235,2,84 : 134,0.559573,2.45997,2,84 : 134,0.559573,2.40186,2,84 : 134,0.559573,2.7021,2,84 : 134,0.559573,2.37574,2,84 : 134,0.559573,2.5562,2,84 : 134,0.559573,2.39659,2,84 : 134,0.559573,2.46484,2,134 : 187,0.616876,2.27105,2,134 : 187,0.616876,2.311,2
3enl,1ebg,436,147 : 330,1.09997,4.14919,2,147 : 330,1.09997,3.66318,2,42 : 141,1.06561,3.90175,2,147 : 330,1.09997,3.9775,2,42 : 141,1.06561,3.77825,2,42 : 141,1.06561,3.77454,2,147 : 330,1.09997,4.12861,2,42 : 141,1.06561,3.851,2,42 : 141,1.06561,3.90742,2,147 : 330,1.09997,3.81846,2,42 : 141,1.06561,3.99646,2,42 : 141,1.06561,3.76709,2,147 : 330,1.09997,3.92036,2,147 : 330,1.09997,3.82142,2,147 : 330,1.09997,6.14993,3,147 : 330,1.09997,6.44919,3,147 : 330,1.09997,4.08898,2,147 : 330,1.09997,3.74602,2,42 : 141,1.06561,3.87196,2,42 : 141,1.06561,3.94478,2,147 : 330,1.09997,4.01511,2,147 : 330,1.09997,4.01679,2,147 : 330,1.09997,4.12051,2,147 : 330,1.09997,3.96843,2,42 : 141,1.06561,3.93155,2,147 : 330,1.09997,6.47168,3,147 : 330,1.09997,6.10383,3,147 : 330,1.09997,3.98029,2,147 : 330,1.09997,4.01103,2,42 : 141,1.06561,3.91228,2,42 : 141,1.06561,3.83476,2,147 : 330,1.09997,3.90381,2,147 : 330,1.09997,3.82086,2,147 : 330,1.09997,3.75776,2,42 : 141,1.06561,3.95454,2,42 : 141,1.06561,3.82716,2,42 : 141,1.06561,3.982,2,147 : 330,1.09997,3.9854,2,42 : 141,1.06561,3.95322,2,147 : 330,1.09997,6.17262,3,147 : 330,1.09997,6.46158,3,147 : 330,1.09997,3.84108,2,147 : 330,1.09997,6.14327,3,147 : 330,1.09997,3.73711,2,42 : 141,1.06561,3.91722,2,42 : 141,1.06561,3.91716,2,147 : 330,1.09997,4.03856,2,147 : 330,1.09997,4.12524,2,147 : 330,1.09997,6.1202,3,42 : 141,1.06561,3.91815,2,38 : 43,1.12446,3.44245,2,42 : 141,1.06561,3.98514,2,147 : 330,1.09997,3.74377,2,147 : 330,1.09997,4.10163,2,147 : 330,1.09997,3.99871,2,147 : 330,1.09997,3.98014,2,147 : 330,1.09997,3.78391,2,147 : 330,1.09997,6.18726,3,147 : 330,1.09997,4.12006,2,42 : 141,1.06561,3.89743,2,42 : 141,1.06561,3.92038,2,42 : 141,1.06561,3.87903,2,42 : 141,1.06561,4.00321,2,42 : 141,1.06561,3.96104,2,42 : 141,1.06561,3.82379,2,42 : 141,1.06561,3.76749,2,147 : 330,1.09997,6.43704,3,42 : 141,1.06561,3.89843,2,42 : 141,1.06561,3.89991,2,147 : 330,1.09997,3.98002,2,42 : 141,1.06561,4.12506,2,147 : 330,1.09997,4.16542,2,42 : 141,1.06561,4.00366,2,42 : 141,1.06561,3.89626,2,147 : 330,1.09997,4.10997,2,147 : 330,1.09997,3.94244,2,42 : 141,1.06561,3.93208,2,147 : 330,1.09997,3.685,2,147 : 330,1.09997,4.01871,2,147 : 330,1.09997,3.92656,2,147 : 330,1.09997,3.90016,2,42 : 141,1.06561,4.10835,2,147 : 330,1.09997,6.30799,3,147 : 330,1.09997,4.02269,2,42 : 141,1.06561,3.90714,2,147 : 330,1.09997,4.09472,2,42 : 141,1.06561,3.83083,2,42 : 141,1.06561,3.85825,2,42 : 141,1.06561,3.86632,2,147 : 330,1.09997,3.71188,2,147 : 330,1.09997,6.42316,3,42 : 141,1.06561,3.96678,2,147 : 330,1.09997,4.05087,2,42 : 141,1.06561,3.85336,2,42 : 141,1.06561,3.95112,2,147 : 330,1.09997,6.41396,3,147 : 330,1.09997,3.67854,2,147 : 330,1.09997,6.13696,3,37 : 42,1.1268,3.44662,2,147 : 330,1.09997,6.46591,3
1ggg,1wdn,220,85 : 179,0.928338,2.13412,2,85 : 179,0.928338,2.11658,2,85 : 179,0.928338,1.90114,2,85 : 179,0.928338,2.07184,2,85 : 179,0.928338,2.09117,2,85 : 179,0.928338,3.26119,3,85 : 179,0.928338,1.89008,2,85 : 179,0.928338,3.27343,3,85 : 179,0.928338,2.11507,2,85 : 179,0.928338,3.23295,3,85 : 179,0.928338,2.03893,2,85 : 179,0.928338,2.06359,2,85 : 179,0.928338,3.23333,3,85 : 179,0.928338,3.25444,3,85 : 179,0.928338,3.19327,3,85 : 179,0.928338,3.17574,3,85 : 179,0.928338,3.15822,3,85 : 179,0.928338,2.04838,2,85 : 179,0.928338,3.25658,3,85 : 179,0.928338,2.05236,2,85 : 179,0.928338,3.24328,3,85 : 179,0.928338,2.02521,2,85 : 179,0.928338,1.96836,2,85 : 179,0.928338,2.09118,2,85 : 179,0.928338,1.99324,2,85 : 179,0.928338,3.26317,3,85 : 179,0.928338,3.25694,3,85 : 179,0.928338,3.0343,3,85 : 179,0.928338,2.12716,2,85 : 179,0.928338,3.163,3,85 : 179,0.928338,3.1563,3,85 : 179,0.928338,3.2484,3,85 : 179,0.928338,1.96877,2,85 : 179,0.928338,1.91316,2,85 : 179,0.928338,3.19928,3,85 : 179,0.928338,3.23949,3,85 : 179,0.928338,3.26892,3,85 : 179,0.928338,1.98653,2,85 : 179,0.928338,3.26892,3,85 : 179,0.928338,2.15494,2,85 : 179,0.928338,1.83152,2,85 : 179,0.928338,2.11005,2,85 : 179,0.928338,1.96823,2,85 : 179,0.928338,3.21065,3,85 : 179,0.928338,2.1599,2,85 : 179,0.928338,2.03894,2,85 : 179,0.928338,3.03945,3,85 : 179,0.928338,2.096,2,85 : 179,0.928338,3.17278,3,85 : 179,0.928338,3.23815,3,85 : 179,0.928338,1.92874,2,85 : 179,0.928338,2.01806,2,85 : 179,0.928338,2.14107,2,85 : 179,0.928338,2.02831,2,85 : 179,0.928338,3.16726,3,85 : 179,0.928338,1.889,2,85 : 179,0.928338,3.24687,3,85 : 179,0.928338,2.07869,2,85 : 179,0.928338,1.95863,2,85 : 179,0.928338,3.17351,3,85 : 179,0.928338,2.11736,2,85 : 179,0.928338,1.99998,2,85 : 179,0.928338,3.1592,3,85 : 179,0.928338,1.97265,2,85 : 179,0.928338,3.18232,3,85 : 179,0.928338,2.1522,2,85 : 179,0.928338,3.05887,3,85 : 179,0.928338,3.22105,3,85 : 179,0.928338,1.95609,2,85 : 179,0.928338,3.15944,3,85 : 179,0.928338,2.06595,2,85 : 179,0.928338,2.07158,2,85 : 179,0.928338,3.17828,3,85 : 179,0.928338,1.93287,2,85 : 179,0.928338,3.06385,3,85 : 179,0.928338,1.87904,2,85 : 179,0.928338,3.17353,3,85 : 179,0.928338,1.86356,2,85 : 179,0.928338,1.95438,2,85 : 179,0.928338,3.26418,3,85 : 179,0.928338,3.22184,3,85 : 179,0.928338,1.93857,2,85 : 179,0.928338,2.13233,2,85 : 179,0.928338,1.93507,2,85 : 179,0.928338,3.23351,3,85 : 179,0.928338,2.09609,2,85 : 179,0.928338,2.0255,2,85 : 179,0.928338,2.15153,2,85 : 179,0.928338,3.15756,3,85 : 179,0.928338,2.01089,2,85 : 179,0.928338,2.14969,2,85 : 179,0.928338,3.18225,3,85 : 179,0.928338,1.98556,2,85 : 179,0.928338,3.14855,3,85 : 179,0.928338,2.11696,2,85 : 179,0.928338,2.14398,2,85 : 179,0.928338,1.99534,2,85 : 179,0.928338,1.89206,2,85 : 179,0.928338,1.95557,2,85 : 179,0.928338,3.14752,3
1lfg,1lfh,691,92 : 251,1.15033,6.69567,2,92 : 251,1.15033,6.57134,2,92 : 251,1.15033,6.50555,2,92 : 251,1.15033,6.09926,2,92 : 251,1.15033,13.3209,4,92 : 251,1.15033,13.5196,4,92 : 251,1.15033,13.5262,4,92 : 251,1.15033,13.6298,4,92 : 251,1.15033,6.20795,2,92 : 251,1.15033,16.4965,4,92 : 251,1.15033,13.385,4,92 : 251,1.15033,6.69987,2,92 : 251,1.15033,6.46631,2,92 : 251,1.15033,10.1042,3,92 : 251,1.15033,13.756,4,92 : 251,1.15033,13.7545,4,92 : 251,1.15033,6.66086,2,92 : 251,1.15033,6.66881,2,92 : 251,1.15033,6.34332,2,92 : 251,1.15033,6.3033,2,92 : 251,1.15033,13.7484,4,92 : 251,1.15033,6.32298,2,92 : 251,1.15033,13.6126,4,92 : 251,1.15033,13.3363,4,92 : 251,1.15033,6.30165,2,92 : 251,1.15033,13.5165,4,92 : 251,1.15033,6.09323,2,92 : 251,1.15033,10.189,3,92 : 251,1.15033,6.41328,2,92 : 251,1.15033,6.43003,2,92 : 251,1.15033,6.47406,2,92 : 251,1.15033,6.47014,2,92 : 251,1.15033,6.17412,2,92 : 251,1.15033,6.1627,2,92 : 251,1.15033,6.69401,2,92 : 251,1.15033,6.32072,2,92 : 251,1.15033,10.1484,3,92 : 251,1.15033,10.1002,3,92 : 251,1.15033,6.15066,2,92 : 251,1.15033,6.5127,2,92 : 251,1.15033,13.3571,4,92 : 251,1.15033,6.10598,2,92 : 251,1.15033,6.5193,2,92 : 251,1.15033,6.18381,2,92 : 251,1.15033,6.6544,2,92 : 251,1.15033,13.3835,4,92 : 251,1.15033,13.5411,4,92 : 251,1.15033,6.6205,2,92 : 251,1.15033,6.45389,2,92 : 251,1.15033,6.01174,2,92 : 251,1.15033,13.288,4,92 : 251,1.15033,6.23881,2,92 : 251,1.15033,6.42358,2,92 : 251,1.15033,6.29191,2,92 : 251,1.15033,6.63654,2,92 : 251,1.15033,6.2145,2,92 : 251,1.15033,13.5254,4,92 : 251,1.15033,6.12413,2,92 : 251,1.15033,6.11129,2,92 : 251,1.15033,13.5614,4,92 : 251,1.15033,6.36557,2,92 : 251,1.15033,10.0887,3,92 : 251,1.15033,6.6214,2,92 : 251,1.15033,10.1565,3,92 : 251,1.15033,10.1483,3,92 : 251,1.15033,6.18786,2,92 : 251,1.15033,6.45488,2,92 : 251,1.15033,10.182,3,92 : 251,1.15033,6.64331,2,92 : 251,1.15033,6.69032,2,92 : 251,1.15033,6.54543,2,92 : 251,1.15033,13.5234,4,92 : 251,1.15033,6.69256,2,92 : 251,1.15033,6.13312,2,92 : 251,1.15033,6.63243,2,92 : 251,1.15033,6.6606,2,92 : 251,1.15033,13.4936,4,92 : 251,1.15033,10.1064,3,92 : 251,1.15033,13.4905,4,92 : 251,1.15033,10.0634,3,92 : 251,1.15033,10.065,3,92 : 251,1.15033,10.1147,3,92 : 251,1.15033,6.38078,2,92 : 251,1.15033,13.7755,4,92 : 251,1.15033,10.1904,3,92 : 251,1.15033,10.1066,3,92 : 251,1.15033,13.4442,4,92 : 251,1.15033,6.51949,2,92 : 251,1.15033,6.07203,2,92 : 251,1.15033,6.60753,2,92 : 251,1.15033,6.69214,2,92 : 251,1.15033,10.1006,3,92 : 251,1.15033,6.12493,2,92 : 251,1.15033,10.1159,3,92 : 251,1.15033,6.60033,2,92 : 251,1.15033,10.1689,3,92 : 251,1.15033,6.66789,2,92 : 251,1.15033,6.11355,2,92 : 251,1.15033,13.4784,4,92 : 251,1.15033,6.67222,2
2lao,1lst,238,91 : 192,0.477697,2.02608,2,91 : 192,0.477697,3.31119,3,91 : 192,0.477697,3.46987,3,91 : 192,0.477697,2.278,2,91 : 192,0.477697,2.1434,2,91 : 192,0.477697,3.39164,3,91 : 192,0.477697,2.27495,2,91 : 192,0.477697,3.4666,3,91 : 192,0.477697,3.51332,3,91 : 192,0.477697,3.44454,3,91 : 192,0.477697,2.28094,2,91 : 192,0.477697,3.41174,3,91 : 192,0.477697,3.48794,3,91 : 192,0.477697,2.26788,2,91 : 192,0.477697,2.32714,2,91 : 192,0.477697,2.32963,2,91 : 192,0.477697,2.09116,2,91 : 192,0.477697,3.47165,3,91 : 192,0.477697,2.25417,2,91 : 192,0.477697,2.08669,2,91 : 192,0.477697,2.10606,2,91 : 192,0.477697,2.31566,2,91 : 192,0.477697,3.36047,3,91 : 192,0.477697,3.40797,3,91 : 192,0.477697,2.23692,2,91 : 192,0.477697,2.15098,2,91 : 192,0.477697,2.13254,2,91 : 192,0.477697,2.31874,2,91 : 192,0.477697,3.56411,3,91 : 192,0.477697,2.16154,2,91 : 192,0.477697,2.29094,2,91 : 192,0.477697,3.51525,3,91 : 192,0.477697,3.49146,3,91 : 192,0.477697,2.01289,2,91 : 192,0.477697,2.07695,2,91 : 192,0.477697,2.05831,2,91 : 192,0.477697,3.45224,3,91 : 192,0.477697,3.4044,3,91 : 192,0.477697,3.51373,3,91 : 192,0.477697,2.19497,2,91 : 192,0.477697,2.30737,2,91 : 192,0.477697,2.25697,2,91 : 192,0.477697,2.2655,2,91 : 192,0.477697,2.11576,2,91 : 192,0.477697,3.50816,3,91 : 192,0.477697,3.46073,3,91 : 192,0.477697,2.2981,2,91 : 192,0.477697,3.53198,3,91 : 192,0.477697,2.14138,2,91 : 192,0.477697,3.40598,3,91 : 192,0.477697,2.04061,2,91 : 192,0.477697,3.49744,3,91 : 192,0.477697,2.22992,2,91 : 192,0.477697,2.18921,2,91 : 192,0.477697,3.3715,3,91 : 192,0.477697,3.44394,3,91 : 192,0.477697,3.41575,3,91 : 192,0.477697,2.27687,2,91 : 192,0.477697,2.25375,2,91 : 192,0.477697,2.05995,2,91 : 192,0.477697,2.16926,2,91 : 192,0.477697,2.24239,2,91 : 192,0.477697,2.31456,2,91 : 192,0.477697,3.45679,3,91 : 192,0.477697,2.32951,2,91 : 192,0.477697,2.26186,2,91 : 192,0.477697,3.39233,3,91 : 192,0.477697,3.41044,3,91 : 192,0.477697,2.16836,2,91 : 192,0.477697,2.16553,2,91 : 192,0.477697,2.33732,2,91 : 192,0.477697,3.49456,3,91 : 192,0.477697,2.29378,2,91 : 192,0.477697,2.24053,2,91 : 192,0.477697,2.30846,2,91 : 192,0.477697,2.0183,2,91 : 192,0.477697,2.24944,2,91 : 192,0.477697,2.12928,2,91 : 192,0.477697,2.11856,2,91 : 192,0.477697,2.28855,2,91 : 192,0.477697,1.99878,2,91 : 192,0.477697,3.41921,3,91 : 192,0.477697,3.47588,3,91 : 192,0.477697,3.44873,3,91 : 192,0.477697,2.22742,2,91 : 192,0.477697,3.48222,3,91 : 192,0.477697,2.08609,2,91 : 192,0.477697,2.26543,2,91 : 192,0.477697,3.40094,3,91 : 192,0.477697,2.22442,2,91 : 192,0.477697,3.50377,3,91 : 192,0.477697,2.18542,2,91 : 192,0.477697,2.16248,2,91 : 192,0.477697,3.51593,3,91 : 192,0.477697,2.29067,2,91 : 192,0.477697,2.33241,2,91 : 192,0.477697,2.32667,2,91 : 192,0.477697,3.48142,3,91 : 192,0.477697,3.43639,3,91 : 192,0.477697,2.23546,2
1urp,2dri,271,103 : 235,0.541615,4.57629,2,103 : 235,0.541615,4.48223,2,37 : 105,1.98256,6.84403,3,103 : 235,0.541615,4.42671,2,103 : 235,0.541615,4.52139,2,103 : 235,0.541615,4.55849,2,103 : 235,0.541615,4.4251,2,103 : 235,0.541615,4.40922,2,103 : 235,0.541615,4.40704,2,103 : 235,0.541615,4.28763,2,37 : 105,1.98256,4.08107,2,103 : 235,0.541615,4.4377,2,37 : 105,1.98256,4.56664,3,103 : 235,0.541615,2.54504,2,103 : 235,0.541615,2.59023,2,103 : 235,0.541615,2.48688,2,103 : 235,0.541615,2.69901,2,103 : 235,0.541615,2.74179,2,37 : 105,1.98256,4.17626,3,103 : 235,0.541615,2.67065,2,37 : 105,1.98256,4.11324,3,103 : 235,0.541615,2.65311,2,37 : 105,1.98256,4.17836,3,37 : 105,1.98256,2.50435,2,37 : 105,1.98256,2.48652,2,103 : 235,0.541615,2.65043,2,37 : 105,1.98256,4.096,3,37 : 105,1.98256,4.12316,3,37 : 105,1.98256,4.13419,3,37 : 105,1.98256,4.03338,3,37 : 105,1.98256,2.52015,2,37 : 105,1.98256,4.14597,3,103 : 235,0.541615,2.53149,2,103 : 235,0.541615,2.7774,2,103 : 235,0.541615,2.65556,2,37 : 105,1.98256,4.17609,3,103 : 235,0.541615,2.68958,2,103 : 235,0.541615,2.62484,2,103 : 235,0.541615,2.65695,2,103 : 235,0.541615,2.60735,2,103 : 235,0.541615,2.74024,2,37 : 105,1.98256,4.16906,3,103 : 235,0.541615,2.79987,2,103 : 235,0.541615,2.73203,2,103 : 235,0.541615,2.46655,2,103 : 235,0.541615,2.71996,2,103 : 235,0.541615,2.81472,2,103 : 235,0.541615,2.79589,2,37 : 105,1.98256,4.14992,3,103 : 235,0.541615,2.63232,2,103 : 235,0.541615,2.76602,2,103 : 235,0.541615,2.57188,2,103 : 235,0.541615,2.74171,2,103 : 235,0.541615,2.56839,2,103 : 235,0.541615,2.61271,2,103 : 235,0.541615,2.72424,2,37 : 105,1.98256,4.11418,3,37 : 105,1.98256,4.1338,3,103 : 235,0.541615,2.60171,2,103 : 235,0.541615,2.66419,2,103 : 235,0.541615,2.71416,2,103 : 235,0.541615,2.45101,2,37 : 105,1.98256,4.16214,3,37 : 105,1.98256,4.15914,3,37 : 105,1.98256,4.18191,3,37 : 105,1.98256,4.14568,3,103 : 235,0.541615,2.78852,2,103 : 235,0.541615,2.41975,2,37 : 105,1.98256,2.50014,2,37 : 105,1.98256,4.17118,3,37 : 105,1.98256,4.10051,3,103 : 235,0.541615,2.42977,2,37 : 105,1.98256,2.45343,2,103 : 235,0.541615,2.78047,2,103 : 235,0.541615,2.73836,2,103 : 235,0.541615,2.64872,2,37 : 105,1.98256,4.18609,3,103 : 235,0.541615,2.81002,2,103 : 235,0.541615,2.8164,2,37 : 105,1.98256,4.18439,3,103 : 235,0.541615,2.63495,2,37 : 105,1.98256,4.19157,3,37 : 105,1.98256,2.49363,2,103 : 235,0.541615,2.72773,2,37 : 105,1.98256,2.45108,2,103 : 235,0.541615,2.59199,2,103 : 235,0.541615,2.57783,2,103 : 235,0.541615,3.98468,3,37 : 105,1.98256,2.51044,2,103 : 235,0.541615,2.685,2,103 : 235,0.541615,2.74973,2,103 : 235,0.541615,2.76165,2,37 : 105,1.98256,4.14267,3,37 : 105,1.98256,2.49704,2,37 : 105,1.98256,4.03271,3,103 : 235,0.541615,2.60552,2,103 : 235,0.541615,2.82188,2,37 : 105,1.98256,4.15559,3,37 : 105,1.98256,2.48252,2,37 : 105,1.98256,2.44587,2
4tnc,2tn4,155,35 : 71,1.64058,1.29381,2,35 : 71,1.64058,2.16342,3,59 : 103,2.73122,1.31932,2,59 : 103,2.73122,1.31211,2,59 : 103,2.73122,1.29615,2,35 : 71,1.64058,1.35218,2,59 : 103,2.73122,1.22337,2,35 : 71,1.64058,1.40503,2,59 : 103,2.73122,1.21155,2,59 : 103,2.73122,1.24347,2,35 : 71,1.64058,1.35304,2,35 : 71,1.64058,1.4672,2,35 : 71,1.64058,1.38572,2,35 : 71,1.64058,1.30323,2,35 : 71,1.64058,1.32098,2,59 : 103,2.73122,1.29087,2,35 : 71,1.64058,1.31575,2,59 : 103,2.73122,1.22464,2,59 : 103,2.73122,1.23874,2,35 : 71,1.64058,1.39258,2,35 : 71,1.64058,1.38259,2,35 : 71,1.64058,1.37095,2,59 : 103,2.73122,1.31701,2,35 : 71,1.64058,1.3201,2,35 : 71,1.64058,2.15776,3,35 : 71,1.64058,1.34608,2,35 : 71,1.64058,1.35497,2,59 : 103,2.73122,1.24094,2,35 : 71,1.64058,1.27706,2,35 : 71,1.64058,1.35392,2,59 : 103,2.73122,1.241,2,35 : 71,1.64058,1.36256,2,59 : 103,2.73122,1.30937,2,59 : 103,2.73122,1.252,2,35 : 71,1.64058,1.34487,2,35 : 71,1.64058,1.39151,2,59 : 103,2.73122,1.27112,2,59 : 103,2.73122,1.28372,2,59 : 103,2.73122,1.2529,2,35 : 71,1.64058,1.27176,2,59 : 103,2.73122,1.27522,2,35 : 71,1.64058,1.29125,2,59 : 103,2.73122,1.23893,2,35 : 71,1.64058,1.37343,2,35 : 71,1.64058,1.35477,2,59 : 103,2.73122,1.26227,2,35 : 71,1.64058,1.29107,2,35 : 71,1.64058,1.2906,2,59 : 103,2.73122,1.27852,2,59 : 103,2.73122,1.30956,2,35 : 71,1.64058,1.29184,2,35 : 71,1.64058,1.34922,2,59 : 103,2.73122,1.21128,2,35 : 71,1.64058,1.39368,2,35 : 71,1.64058,1.28109,2,35 : 71,1.64058,1.3429,2,59 : 103,2.73122,1.27957,2,59 : 103,2.73122,1.21019,2,35 : 71,1.64058,2.15007,3,35 : 71,1.64058,2.14809,3,59 : 103,2.73122,1.2531,2,35 : 71,1.64058,2.14782,3,35 : 71,1.64058,1.26614,2,35 : 71,1.64058,1.34547,2,35 : 71,1.64058,1.26593,2,35 : 71,1.64058,1.28259,2,35 : 71,1.64058,1.27231,2,35 : 71,1.64058,2.1516,3,59 : 103,2.73122,1.2173,2,35 : 71,1.64058,1.3363,2,35 : 71,1.64058,1.3352,2,35 : 71,1.64058,1.27292,2,35 : 71,1.64058,1.36446,2,59 : 103,2.73122,1.23798,2,59 : 103,2.73122,1.26403,2,35 : 71,1.64058,1.35263,2,35 : 71,1.64058,1.33426,2,35 : 71,1.64058,2.14359,3,59 : 103,2.73122,1.2599,2,35 : 71,1.64058,1.3153,2,59 : 103,2.73122,1.27994,2,35 : 71,1.64058,1.3477,2,35 : 71,1.64058,1.32018,2,35 : 71,1.64058,2.14366,3,35 : 71,1.64058,2.14507,3,35 : 71,1.64058,1.2887,2,35 : 71,1.64058,1.30471,2,59 : 103,2.73122,1.26505,2,35 : 71,1.64058,1.33899,2,59 : 103,2.73122,1.28405,2,59 : 103,2.73122,1.31402,2,35 : 71,1.64058,1.2807,2,59 : 103,2.73122,1.31355,2,35 : 71,1.64058,2.14985,3,59 : 103,2.73122,1.31215,2,59 : 103,2.73122,1.259,2,59 : 103,2.73122,1.3035,2,59 : 103,2.73122,1.25812,2,59 : 103,2.73122,1.27307,2,35 : 71,1.64058,1.30589,2
