p_pdb_id,q_pdb_id,Residue length,RMSD,RMSDh,hinge_num,hinge_cnt,hinge_index,exec_time (s)
1cbu,1c9k,180,3.10928,0.396403,7,7,33 : 36 : 46 : 51 : 54 : 81 : 119,0.0130853
1e0s,2j5x,164,4.16857,0.842049,7,7,25 : 29 : 34 : 38 : 52 : 56 : 69,0.0114141
1brd,2brd,170,1.68204,0.678208,7,7,11 : 51 : 54 : 78 : 100 : 121 : 152,0.0143384
4icb,1clb,75,2.10969,0.720437,7,7,15 : 22 : 41 : 45 : 56 : 59 : 69,0.00654356
5dfr,4dfr,154,0.79985,0.357788,7,7,15 : 34 : 62 : 96 : 116 : 122 : 127,0.0143497
1pfh,1hdn,84,1.07544,0.402084,7,7,13 : 29 : 36 : 41 : 46 : 57 : 75,0.00732132
1a8v,2a8v,113,0.871074,0.324821,7,7,13 : 27 : 43 : 48 : 68 : 70 : 112,0.00964838
1rcl,1rck,105,1.7706,0.862075,7,7,28 : 34 : 46 : 49 : 67 : 71 : 94,0.00875697
1k9k,1k9p,89,4.51998,0.587838,7,7,29 : 42 : 49 : 60 : 64 : 67 : 84,0.00765557
1bjy,1bjz,194,0.828941,0.395978,7,7,4 : 58 : 103 : 109 : 115 : 155 : 169,0.0167023
3tms,2tsc,264,0.802655,0.328725,7,7,20 : 23 : 53 : 99 : 115 : 152 : 261,0.0265496
2ran,1axn,316,10.9313,6.02146,7,7,31 : 87 : 103 : 150 : 187 : 244 : 262,0.0296689
1f3y,1jkn,165,3.57605,1.16231,7,7,5 : 14 : 83 : 98 : 103 : 123 : 130,0.0153576
1b0o,1beb,156,1.15523,0.441127,7,7,39 : 55 : 65 : 80 : 84 : 87 : 133,0.0120174
1a03,1cnp,90,4.46352,1.81201,7,7,4 : 19 : 42 : 51 : 61 : 66 : 83,0.00756836
5cro,6cro,60,2.22163,0.316688,7,7,2 : 4 : 25 : 43 : 51 : 54 : 59,0.00525969
1a67,1cew,108,4.63845,1.81677,7,7,12 : 32 : 63 : 72 : 77 : 86 : 101,0.00939016
3enl,7enl,436,0.907033,0.342178,7,7,37 : 40 : 43 : 154 : 162 : 214 : 345,0.03499
1ecb,1ecc,475,3.21306,0.752927,7,7,75 : 81 : 85 : 329 : 335 : 338 : 465,0.0481351
3hvp,4hvp,97,1.24525,0.459787,7,7,9 : 24 : 39 : 52 : 59 : 75 : 84,0.00866176
3icd,1ai2,414,0.46272,0.294269,7,7,79 : 111 : 154 : 160 : 193 : 330 : 382,0.0391193
6ldh,1ldm,329,1.78855,0.566099,7,7,97 : 109 : 122 : 215 : 218 : 306 : 325,0.0308261
1crl,1thg,533,16.3562,10.6539,7,7,74 : 109 : 161 : 317 : 404 : 434 : 513,0.0550356
1bmd,4mdh,326,2.2089,0.854962,7,7,88 : 95 : 98 : 101 : 112 : 237 : 324,0.031166
1dqz,1dqy,280,2.53325,0.355891,7,7,4 : 209 : 212 : 217 : 220 : 229 : 255,0.0260186
1oro,1sto,208,1.05289,0.432458,7,7,19 : 36 : 100 : 103 : 106 : 126 : 129,0.0168035
1rrp,1byu,200,14.4308,1.35326,7,7,25 : 30 : 37 : 62 : 67 : 172 : 181,0.0191801
6q21,4q21,168,1.67217,0.482328,7,7,35 : 38 : 59 : 62 : 66 : 70 : 74,0.0125079
1ser,1ses,421,2.79276,0.583308,7,7,44 : 83 : 96 : 131 : 260 : 263 : 268,0.0382172
2ktq,3ktq,527,1.95795,0.370321,7,7,332 : 343 : 359 : 366 : 369 : 388 : 400,0.0477944
1tre,6tim,248,4.83207,3.71544,7,7,67 : 79 : 86 : 105 : 119 : 135 : 155,0.0222267
1was,1jmw,146,1.57057,0.675504,7,7,4 : 40 : 44 : 48 : 51 : 54 : 140,0.0114911
1chn,3chy,126,1.38784,0.280514,7,7,4 : 30 : 86 : 88 : 91 : 100 : 114,0.010694
1dcm,1d5w,120,1.80588,0.621296,7,7,13 : 17 : 52 : 58 : 80 : 83 : 100,0.00962925
1lgr,2gls,445,2.16129,1.04962,7,7,51 : 58 : 65 : 72 : 78 : 89 : 96,0.0376775
1prv,1pru,56,1.28776,0.395004,7,7,3 : 6 : 12 : 26 : 30 : 44 : 49,0.00443587
2phy,3pyp,125,0.493533,0.122005,7,7,16 : 19 : 24 : 66 : 112 : 114 : 117,0.0110727
1a32,1ab3,85,9.49276,1.30651,7,7,4 : 8 : 16 : 21 : 39 : 51 : 65,0.00742747
1caq,1cqr,168,0.956783,0.334017,7,7,8 : 108 : 111 : 140 : 143 : 146 : 150,0.0149349
1thv,1thi,207,3.09895,1.90461,7,7,33 : 43 : 52 : 80 : 86 : 97 : 118,0.0189155
1lb5,1lb4,150,1.58509,0.419074,7,7,4 : 31 : 71 : 78 : 91 : 95 : 98,0.0128787
1fox,2fow,76,6.67858,1.18888,7,7,6 : 15 : 20 : 24 : 29 : 33 : 67,0.00568314
1lcc,1lqc,51,3.46453,0.509991,7,7,5 : 8 : 25 : 28 : 32 : 41 : 46,0.00413178
1j74,1j7d,139,1.92736,0.317086,7,7,4 : 20 : 24 : 85 : 92 : 120 : 138,0.0126309
2c4q,2iz9,129,0.155437,0.0831515,7,7,12 : 16 : 34 : 37 : 50 : 62 : 126,0.0108794
1i69,1i6a,206,2.05208,0.693599,7,7,4 : 109 : 113 : 116 : 120 : 123 : 130,0.0176166
1f8a,1pin,143,10.2423,5.46459,7,7,11 : 21 : 35 : 47 : 62 : 126 : 136,0.0139756
9aat,1ama,401,1.65782,0.378855,7,7,3 : 11 : 17 : 34 : 37 : 47 : 319,0.0385246
8adh,6adh,374,1.36335,0.512403,7,7,4 : 174 : 293 : 296 : 299 : 318 : 364,0.0353565
1jky,1j7n,723,1.34803,0.876536,7,7,14 : 103 : 238 : 386 : 495 : 668 : 721,0.0715114
1bu7,1jpz,453,1.12795,0.533856,7,7,104 : 113 : 169 : 215 : 227 : 231 : 257,0.0403944
3cox,1coy,500,0.234708,0.137328,7,7,65 : 71 : 78 : 82 : 88 : 313 : 438,0.0425562
1njg,1njf,239,1.28685,0.436955,7,7,17 : 76 : 106 : 138 : 173 : 226 : 238,0.024192
1cts,4cts,437,2.36953,0.80064,7,7,6 : 54 : 276 : 291 : 326 : 351 : 382,0.0432577
1a2v,1avk,610,28.0118,15.7142,7,7,91 : 188 : 328 : 382 : 439 : 501 : 556,0.05811
1efw,1g51,580,1.80419,0.692311,7,7,173 : 180 : 298 : 407 : 500 : 517 : 578,0.0522843
2eia,1eia,206,4.34984,0.510892,7,7,13 : 16 : 71 : 74 : 129 : 132 : 200,0.019478
5er2,4ape,320,0.666366,0.320244,7,7,22 : 135 : 140 : 182 : 235 : 273 : 283,0.0296988
2eza,3eza,249,1.85893,0.693852,7,7,20 : 44 : 70 : 108 : 128 : 154 : 236,0.0237041
1gln,1g59,468,1.52248,0.516931,7,7,72 : 77 : 233 : 241 : 318 : 382 : 456,0.0453736
2gd1,1gd1,332,0.699381,0.225411,7,7,33 : 36 : 56 : 71 : 116 : 153 : 316,0.0303207
1be1,1b1a,137,3.68498,2.33526,7,7,4 : 15 : 27 : 93 : 100 : 120 : 135,0.0124735
1n8z,1n8y,574,3.93362,3.14683,7,7,104 : 185 : 221 : 243 : 255 : 296 : 507,0.0572214
1i6i,1i5s,320,2.17331,0.894517,7,7,117 : 201 : 205 : 212 : 251 : 254 : 289,0.0279616
1lci,1ba3,523,0.538523,0.206602,7,7,4 : 225 : 348 : 351 : 425 : 459 : 522,0.0514057
1h9k,1h9m,141,0.868847,0.313631,7,7,9 : 30 : 32 : 58 : 79 : 121 : 132,0.0128752
1jys,1nc3,226,1.67617,0.614837,7,7,13 : 46 : 94 : 155 : 199 : 202 : 207,0.0216318
1dv7,1dvj,205,0.771044,0.357331,7,7,35 : 56 : 148 : 152 : 166 : 172 : 176,0.019561
1jqj,2pol,366,2.0466,0.842561,7,7,19 : 27 : 118 : 250 : 273 : 295 : 303,0.0331636
1pvu,1pvi,154,2.96094,0.474195,7,7,5 : 39 : 48 : 53 : 55 : 71 : 93,0.01243
1uj1,1uk2,300,0.775514,0.380602,7,7,44 : 65 : 186 : 192 : 196 : 224 : 298,0.0271202
1ng1,1ffh,286,0.997659,0.434417,7,7,17 : 56 : 90 : 220 : 228 : 241 : 275,0.027416
1wrp,3wrp,98,1.97787,0.302442,7,7,4 : 12 : 37 : 59 : 66 : 72 : 80,0.00768217
1evk,1evl,401,1.63503,0.383664,7,7,121 : 140 : 172 : 177 : 227 : 241 : 278,0.0374263
1amn,1ea5,526,0.393763,0.30762,7,7,323 : 354 : 377 : 401 : 482 : 508 : 524,0.0495201
1ank,1ake,214,0.453729,0.279382,7,7,72 : 76 : 80 : 103 : 120 : 158 : 194,0.0196609
1m8p,1i2d,572,4.06993,0.628457,7,7,167 : 228 : 235 : 258 : 330 : 388 : 571,0.0540283
1bnc,1dv2,433,3.87104,0.424343,7,7,2 : 132 : 160 : 165 : 191 : 329 : 339,0.0383265
1b47,2cbl,304,1.78198,0.372124,7,7,3 : 41 : 133 : 213 : 227 : 249 : 255,0.0295237
1hng,1hnf,173,13.0375,7.42854,7,7,46 : 67 : 84 : 111 : 123 : 132 : 162,0.0161797
1cll,1ctr,138,14.7252,0.454747,7,7,3 : 8 : 70 : 72 : 74 : 100 : 123,0.0128247
1crx,4crx,322,0.643913,0.280279,7,7,23 : 40 : 84 : 104 : 113 : 243 : 307,0.0289646
1l5e,1l5b,101,6.51213,0.283962,7,7,6 : 26 : 50 : 53 : 56 : 76 : 84,0.00834438
1dap,3dap,320,4.17889,0.333239,7,7,3 : 137 : 147 : 172 : 185 : 193 : 241,0.0278301
1gu0,1gu1,149,0.976191,0.156079,7,7,3 : 19 : 23 : 26 : 28 : 32 : 148,0.0125398
1jej,1jg6,351,2.09863,0.464901,7,7,174 : 191 : 195 : 238 : 257 : 261 : 331,0.0346069
1dkx,1dky,211,0.989429,0.344227,7,7,4 : 85 : 105 : 149 : 175 : 193 : 208,0.0190617
1ddt,1mdt,523,15.6307,0.647135,7,7,190 : 368 : 371 : 374 : 400 : 486 : 493,0.0526002
1dpe,1dpp,507,6.52845,0.45162,7,7,115 : 145 : 261 : 408 : 428 : 431 : 479,0.0499864
1n0u,1n0v,819,13.6137,0.601001,7,7,87 : 92 : 227 : 313 : 460 : 469 : 539,0.0818686
2efg,1fnm,580,2.32993,0.472682,7,7,96 : 250 : 271 : 356 : 369 : 425 : 492,0.0527514
1erk,2erk,351,2.81447,1.10811,7,7,5 : 10 : 102 : 168 : 175 : 179 : 347,0.0333206
2nac,2nad,374,1.18027,0.262317,7,7,10 : 29 : 71 : 148 : 219 : 255 : 335,0.0376817
1d9v,1mrp,309,2.48133,0.311976,7,7,81 : 89 : 102 : 225 : 276 : 279 : 308,0.0288461
1e88,1e8b,160,3.45718,0.641745,7,7,41 : 44 : 59 : 84 : 102 : 116 : 158,0.0149045
1jbv,1jbw,396,1.72291,0.42776,7,7,159 : 292 : 308 : 317 : 347 : 368 : 377,0.0366242
1ggg,1wdn,220,5.33802,0.486272,7,7,85 : 93 : 99 : 102 : 107 : 179 : 217,0.0192645
1psd,1gdh,315,11.1193,5.26521,7,7,27 : 93 : 129 : 143 : 183 : 266 : 284,0.0299526
1ex6,1ex7,186,3.63999,0.459206,7,7,32 : 86 : 93 : 123 : 138 : 157 : 185,0.0170113
1oxu,1oxs,352,1.5081,0.419632,7,7,40 : 43 : 90 : 158 : 198 : 211 : 235,0.029956
1fto,1ftm,257,2.10085,0.298271,7,7,18 : 24 : 106 : 135 : 148 : 179 : 213,0.0238684
1hrd,1k89,449,2.14368,0.213515,7,7,50 : 203 : 306 : 376 : 396 : 411 : 434,0.0439391
1aon,1oel,524,12.3783,1.08178,7,7,72 : 136 : 191 : 256 : 268 : 374 : 402,0.0470209
8ohm,1cu1,435,4.39489,0.712344,7,7,140 : 226 : 230 : 233 : 246 : 259 : 295,0.0416137
1ibo,1ibn,20,2.57116,0.0321791,7,7,3 : 7 : 10 : 13 : 15 : 17 : 19,0.00123354
1eq0,1hka,158,3.40673,1.00614,7,7,12 : 15 : 81 : 85 : 89 : 93 : 117,0.0134777
1aa7,1ea3,157,1.37681,0.544851,7,7,8 : 52 : 85 : 88 : 118 : 133 : 136,0.0146914
1ipd,1osj,345,1.70187,0.313425,7,7,74 : 99 : 131 : 221 : 253 : 266 : 344,0.0325563
1bcc,2bcc,442,0.272416,0.235796,7,7,10 : 42 : 74 : 213 : 224 : 232 : 302,0.037659
2lao,1laf,238,4.68253,0.309327,7,7,34 : 91 : 104 : 120 : 157 : 183 : 192,0.02214
1lfg,1lfh,691,6.42856,0.505317,7,7,4 : 92 : 251 : 333 : 418 : 423 : 605,0.0660455
1p7q,1g0x,183,2.12233,0.656044,7,7,84 : 115 : 132 : 135 : 138 : 140 : 163,0.0173236
1l97,1l96,162,2.38328,0.370552,7,7,3 : 12 : 59 : 76 : 98 : 134 : 150,0.0138979
1omp,3mbp,370,3.64864,0.357765,7,7,5 : 111 : 169 : 183 : 261 : 315 : 332,0.0362765
1mml,1qai,251,1.60732,0.499351,7,7,33 : 80 : 84 : 105 : 114 : 131 : 174,0.0217675
1lua,1lu9,287,0.554807,0.224563,7,7,68 : 96 : 99 : 148 : 194 : 202 : 241,0.0281338
1ejd,1a2n,417,2.10045,0.489251,7,7,19 : 110 : 114 : 117 : 121 : 137 : 228,0.0370772
1rkm,2rkm,517,3.08499,0.424204,7,7,168 : 187 : 248 : 270 : 353 : 359 : 486,0.0517601
1oib,1quk,321,2.95604,0.413792,7,7,3 : 78 : 196 : 230 : 235 : 239 : 255,0.0305923
1php,13pk,390,18.9564,9.10717,7,7,68 : 165 : 199 : 228 : 281 : 298 : 359,0.0374201
1cmk,1jlu,337,1.86525,0.477426,7,7,23 : 65 : 109 : 304 : 308 : 312 : 316,0.0326778
1bpd,2bpg,324,10.3346,0.7793,7,7,36 : 79 : 84 : 140 : 179 : 253 : 300,0.0303088
1k23,1k20,302,11.6188,4.38571,7,7,70 : 114 : 129 : 184 : 244 : 256 : 266,0.0293122
1nyl,1gtr,523,1.56846,0.680988,7,7,59 : 66 : 91 : 211 : 252 : 307 : 311,0.0518625
1urp,2dri,271,4.06192,0.317582,7,7,35 : 103 : 154 : 207 : 235 : 255 : 265,0.0277139
1jsa,1iku,187,11.5487,3.33729,7,7,14 : 45 : 81 : 94 : 116 : 133 : 142,0.0180347
1tde,1f6m,316,7.32882,0.481483,7,7,4 : 115 : 126 : 225 : 229 : 245 : 314,0.0311385
1fgu,1jmc,238,8.30265,0.858755,7,7,28 : 37 : 116 : 149 : 160 : 202 : 208,0.0207856
1msw,1qln,843,18.2748,3.33219,7,7,11 : 51 : 137 : 178 : 229 : 238 : 704,0.0815165
1bp5,1a8e,328,6.7036,0.473744,7,7,61 : 80 : 92 : 242 : 246 : 308 : 326,0.0317507
1ttp,1ttq,256,0.402184,0.268853,7,7,56 : 60 : 63 : 77 : 193 : 234 : 240,0.0213991
1akz,1ssp,223,1.50018,0.446309,7,7,3 : 39 : 64 : 77 : 121 : 151 : 171,0.0220681
1k93,1k8t,474,9.63169,1.66151,7,7,211 : 246 : 256 : 328 : 334 : 351 : 449,0.0468097
1k92,1kp2,431,0.722937,0.337145,7,7,126 : 156 : 166 : 380 : 417 : 419 : 421,0.041292
1hoo,1qf5,431,2.17151,0.819188,7,7,41 : 51 : 123 : 130 : 264 : 360 : 364,0.0437893
1cf4,1grn,184,5.51393,2.14581,7,7,13 : 29 : 38 : 60 : 71 : 111 : 180,0.0174088
1eft,1etu,177,6.20777,3.08771,7,7,5 : 37 : 50 : 62 : 72 : 159 : 170,0.0164038
1gdt,2rsl,115,1.91063,0.454991,7,7,8 : 12 : 17 : 48 : 94 : 98 : 110,0.0107761
1gpw,1thf,253,3.7967,0.627894,7,7,19 : 24 : 27 : 31 : 52 : 57 : 251,0.0217613
1g7t,1g7s,569,1.68455,0.44297,7,7,32 : 90 : 216 : 328 : 336 : 450 : 549,0.0551023
1dfk,1b7t,720,11.5059,0.712756,7,7,181 : 379 : 518 : 561 : 594 : 598 : 684,0.0666871
1i7d,1d6m,603,3.39975,0.649328,7,7,189 : 282 : 411 : 499 : 511 : 515 : 566,0.0564326
1mcp,1nca,214,14.2566,9.14144,7,7,44 : 96 : 129 : 145 : 173 : 189 : 204,0.0199845
1idi,1idg,74,6.22231,2.09816,7,7,4 : 9 : 15 : 28 : 36 : 44 : 52,0.00565243
1gp2,1cip,316,1.75059,0.889839,7,7,49 : 82 : 85 : 135 : 171 : 176 : 187,0.0262923
7ahl,1lkf,286,18.7077,7.18096,7,7,16 : 107 : 119 : 129 : 143 : 230 : 254,0.0257586
3hvt,2hmi,555,3.44993,1.64368,7,7,218 : 224 : 251 : 324 : 334 : 424 : 553,0.0529285
1klq,1duj,187,9.8415,2.17354,7,7,8 : 98 : 113 : 152 : 160 : 171 : 182,0.0169381
1psi,7api,335,9.0512,1.06342,7,7,84 : 89 : 120 : 170 : 265 : 321 : 325,0.0340756
5at1,8atc,310,2.34953,0.65823,7,7,74 : 79 : 84 : 139 : 230 : 239 : 246,0.0269659
1eer,1buy,166,4.0821,1.75053,7,7,6 : 44 : 63 : 113 : 120 : 128 : 162,0.0150151
1tip,1fbt,185,3.81392,2.89407,7,7,26 : 44 : 85 : 93 : 104 : 149 : 175,0.0174829
9gpb,1gpb,814,1.2438,0.725706,7,7,4 : 233 : 240 : 245 : 257 : 463 : 785,0.0754478
2hco,4hhb,141,0.725256,0.347534,7,7,5 : 43 : 49 : 53 : 88 : 93 : 139,0.013358
1jmj,1jmo,397,5.94374,0.945321,7,7,9 : 13 : 155 : 183 : 347 : 352 : 364,0.0405653
2pfk,1pfk,301,0.63636,0.365312,7,7,4 : 67 : 98 : 123 : 198 : 217 : 297,0.028482
1dkr,1dku,293,0.481314,0.262519,7,7,28 : 32 : 39 : 43 : 142 : 155 : 253,0.0269329
1g6o,1nlz,301,0.854642,0.293229,7,7,4 : 112 : 115 : 174 : 224 : 247 : 288,0.0282131
1ii0,1ihu,539,0.514926,0.340419,7,7,80 : 110 : 164 : 166 : 522 : 524 : 537,0.055881
1bhm,1bam,185,2.38911,0.679546,7,7,35 : 58 : 86 : 94 : 131 : 180 : 183,0.0187265
1q1b,1q12,367,1.16136,0.564966,7,7,13 : 79 : 83 : 149 : 186 : 233 : 292,0.0345184
1fu1,1ik9,170,1.83541,0.400291,7,7,48 : 64 : 97 : 103 : 141 : 150 : 167,0.0162619
1iwo,1su4,994,13.9708,2.00163,7,7,55 : 124 : 243 : 286 : 358 : 601 : 756,0.0881216
1pjr,3pjr,620,13.5582,0.9473,7,7,278 : 375 : 380 : 415 : 420 : 423 : 525,0.0590292
1lwt,1vde,416,2.16465,0.99613,7,7,51 : 61 : 67 : 237 : 240 : 333 : 343,0.035046
1ih7,1ig9,895,6.48481,0.706317,7,7,111 : 341 : 390 : 477 : 562 : 732 : 889,0.0884179
1bjt,1bgw,662,18.6039,3.57188,7,7,176 : 203 : 515 : 557 : 583 : 610 : 635,0.0650633
