p_pdb_id,q_pdb_id,Residue length,RMSD,RMSDh,hinge_num,hinge_cnt,hinge_index,iter_num,exec_time (s)
1cbu,1c9k,180,3.10928,0.977277,2,2,35 : 52,1,0.00487223
1e0s,2j5x,164,4.16857,2.74793,2,2,26 : 37,2,0.00537146
1brd,2brd,170,1.68204,1.0054,2,2,78 : 100,1,0.0053008
4icb,1clb,75,2.10969,1.60565,2,2,41 : 46,1,0.00267626
5dfr,4dfr,154,0.79985,0.488184,2,2,33 : 100,2,0.00663841
1pfh,1hdn,84,1.07544,0.709049,2,2,13 : 75,1,0.00301189
1a8v,2a8v,113,0.871074,0.738574,2,2,44 : 49,1,0.00391002
1rcl,1rck,105,1.7706,1.4184,2,2,67 : 71,1,0.00365703
1k9k,1k9p,89,4.51998,2.42105,2,2,44 : 64,1,0.00318217
1bjy,1bjz,194,0.828941,0.644435,2,2,4 : 156,1,0.00642582
3tms,2tsc,264,0.802655,0.562367,2,2,151 : 261,2,0.0115102
2ran,1axn,316,10.9313,7.3718,2,2,30 : 150,2,0.0125206
1f3y,1jkn,165,3.57605,2.33074,2,2,82 : 106,3,0.00749992
1b0o,1beb,156,1.15523,0.709701,2,2,80 : 86,2,0.00548622
1a03,1cnp,90,4.46352,3.23057,2,2,42 : 54,1,0.00292231
5cro,6cro,60,2.22163,0.603309,2,2,41 : 53,2,0.00229217
1a67,1cew,108,4.63845,3.04183,2,2,59 : 80,2,0.00431865
3enl,7enl,436,0.907033,0.549113,2,2,37 : 42,1,0.0117045
1ecb,1ecc,475,3.21306,2.16582,2,2,330 : 340,1,0.0182659
3hvp,4hvp,97,1.24525,0.727012,2,2,45 : 57,1,0.00340612
3icd,1ai2,414,0.46272,0.36084,2,2,117 : 345,1,0.0151537
6ldh,1ldm,329,1.78855,1.14354,2,2,98 : 110,1,0.0106131
1crl,1thg,533,16.3562,14.051,2,2,301 : 448,2,0.0233152
1bmd,4mdh,326,2.2089,1.39505,2,2,89 : 104,2,0.0126521
1dqz,1dqy,280,2.53325,1.28018,2,2,211 : 228,1,0.00995851
1oro,1sto,208,1.05289,0.693896,2,2,102 : 105,1,0.00664158
1rrp,1byu,200,14.4308,3.32027,2,2,37 : 173,1,0.00779961
6q21,4q21,168,1.67217,0.926027,2,2,59 : 71,2,0.00597607
1ser,1ses,421,2.79276,0.773122,2,2,44 : 90,1,0.0134511
2ktq,3ktq,527,1.95795,0.671656,2,2,342 : 367,2,0.0207363
1tre,6tim,248,4.83207,4.48119,2,2,101 : 169,2,0.0107032
1was,1jmw,146,1.57057,1.22802,2,2,41 : 51,2,0.00507581
1chn,3chy,126,1.38784,0.681379,2,2,87 : 91,1,0.00431966
1dcm,1d5w,120,1.80588,1.36309,2,2,13 : 17,1,0.0036561
1lgr,2gls,445,2.16129,1.76598,2,2,58 : 75,1,0.0144198
1prv,1pru,56,1.28776,0.922623,2,2,18 : 48,1,0.00194544
2phy,3pyp,125,0.493533,0.290175,2,2,16 : 19,1,0.00410022
1a32,1ab3,85,9.49276,2.5531,2,2,16 : 56,2,0.00338935
1caq,1cqr,168,0.956783,0.661005,2,2,143 : 147,2,0.00654679
1thv,1thi,207,3.09895,2.66639,2,2,80 : 92,1,0.00749592
1lb5,1lb4,150,1.58509,0.755001,2,2,4 : 95,1,0.00502696
1fox,2fow,76,6.67858,3.51158,2,2,18 : 32,1,0.00212282
1lcc,1lqc,51,3.46453,1.74639,2,2,5 : 46,1,0.00177737
1j74,1j7d,139,1.92736,0.565645,2,2,4 : 137,1,0.00492259
2c4q,2iz9,129,0.155437,0.123909,2,2,50 : 62,1,0.00428911
1i69,1i6a,206,2.05208,1.44094,2,2,109 : 121,1,0.00682985
1f8a,1pin,143,10.2423,8.43863,2,2,46 : 63,1,0.00529647
9aat,1ama,401,1.65782,0.927801,2,2,36 : 319,1,0.0154939
8adh,6adh,374,1.36335,0.809618,2,2,179 : 317,1,0.0131777
1jky,1j7n,723,1.34803,0.972717,2,2,14 : 245,1,0.0259701
1bu7,1jpz,453,1.12795,0.737571,2,2,169 : 227,2,0.017704
3cox,1coy,500,0.234708,0.179592,2,2,75 : 82,1,0.0140061
1njg,1njf,239,1.28685,0.729505,2,2,17 : 173,1,0.00946064
1cts,4cts,437,2.36953,1.2477,2,2,279 : 378,1,0.0161566
1a2v,1avk,610,28.0118,23.6824,2,2,188 : 328,2,0.0245312
1efw,1g51,580,1.80419,1.28146,2,2,298 : 406,2,0.0220252
2eia,1eia,206,4.34984,0.691971,2,2,132 : 200,1,0.00732075
5er2,4ape,320,0.666366,0.399724,2,2,186 : 298,1,0.0114372
2eza,3eza,249,1.85893,1.12197,2,2,152 : 236,1,0.00884333
1gln,1g59,468,1.52248,0.892978,2,2,235 : 344,2,0.0190736
2gd1,1gd1,332,0.699381,0.401609,2,2,72 : 148,1,0.0105123
1be1,1b1a,137,3.68498,3.13012,2,2,15 : 27,1,0.00466235
1n8z,1n8y,574,3.93362,3.35036,2,2,299 : 507,1,0.0215673
1i6i,1i5s,320,2.17331,1.67866,2,2,201 : 211,2,0.0116861
1lci,1ba3,523,0.538523,0.255961,2,2,425 : 522,1,0.0193348
1h9k,1h9m,141,0.868847,0.456057,2,2,9 : 59,1,0.00484612
1jys,1nc3,226,1.67617,1.0656,2,2,49 : 200,2,0.0101022
1dv7,1dvj,205,0.771044,0.535084,2,2,33 : 151,2,0.00948145
1jqj,2pol,366,2.0466,1.30585,2,2,118 : 250,2,0.0153459
1pvu,1pvi,154,2.96094,1.03278,2,2,45 : 55,1,0.00472196
1uj1,1uk2,300,0.775514,0.475554,2,2,74 : 195,1,0.0102366
1ng1,1ffh,286,0.997659,0.58985,2,2,90 : 246,2,0.0118384
1wrp,3wrp,98,1.97787,0.894172,2,2,4 : 47,2,0.00364104
1evk,1evl,401,1.63503,0.959053,2,2,172 : 241,1,0.0142263
1amn,1ea5,526,0.393763,0.355369,2,2,352 : 524,2,0.0221438
1ank,1ake,214,0.453729,0.358972,2,2,119 : 158,2,0.00848344
1m8p,1i2d,572,4.06993,1.65533,2,2,330 : 388,1,0.0201165
1bnc,1dv2,433,3.87104,0.860989,2,2,132 : 193,1,0.014302
1b47,2cbl,304,1.78198,0.555059,2,2,214 : 249,2,0.0120737
1hng,1hnf,173,13.0375,11.5354,2,2,85 : 110,2,0.00706054
1cll,1ctr,138,14.7252,0.807186,2,2,4 : 72,1,0.0048356
1crx,4crx,322,0.643913,0.350978,2,2,27 : 113,1,0.00975458
1l5e,1l5b,101,6.51213,0.423734,2,2,51 : 54,1,0.00344503
1dap,3dap,320,4.17889,0.73246,2,2,145 : 240,1,0.0107965
1gu0,1gu1,149,0.976191,0.275282,2,2,22 : 29,1,0.00457234
1jej,1jg6,351,2.09863,0.782664,2,2,174 : 259,1,0.0135093
1dkx,1dky,211,0.989429,0.452924,2,2,151 : 208,1,0.00768471
1ddt,1mdt,523,15.6307,0.85967,2,2,369 : 374,1,0.0197937
1dpe,1dpp,507,6.52845,0.553997,2,2,261 : 479,1,0.0189152
1n0u,1n0v,819,13.6137,0.90473,2,2,462 : 539,1,0.0298943
2efg,1fnm,580,2.32993,0.581601,2,2,372 : 494,2,0.0219469
1erk,2erk,351,2.81447,2.06655,2,2,9 : 348,2,0.0158169
2nac,2nad,374,1.18027,0.399868,2,2,149 : 335,1,0.0137003
1d9v,1mrp,309,2.48133,1.30739,2,2,102 : 227,1,0.0111784
1e88,1e8b,160,3.45718,0.901049,2,2,44 : 102,1,0.00537654
1jbv,1jbw,396,1.72291,0.606987,2,2,288 : 349,2,0.0156213
1ggg,1wdn,220,5.33802,0.928338,2,2,85 : 179,1,0.00751373
1psd,1gdh,315,11.1193,8.03257,2,2,27 : 96,1,0.0114632
1ex6,1ex7,186,3.63999,0.695516,2,2,32 : 88,1,0.00633109
1oxu,1oxs,352,1.5081,0.716986,2,2,90 : 208,1,0.0117493
1fto,1ftm,257,2.10085,0.599715,2,2,106 : 213,1,0.00895255
1hrd,1k89,449,2.14368,0.379991,2,2,203 : 378,2,0.0186197
1aon,1oel,524,12.3783,2.72539,2,2,190 : 375,1,0.0173468
8ohm,1cu1,435,4.39489,1.22541,2,2,139 : 295,2,0.0184695
1ibo,1ibn,20,2.57116,0.56955,2,2,15 : 18,1,0.000559998
1eq0,1hka,158,3.40673,1.49338,2,2,81 : 92,1,0.00530895
1aa7,1ea3,157,1.37681,1.05068,2,2,62 : 134,2,0.00697316
1ipd,1osj,345,1.70187,0.395015,2,2,100 : 253,1,0.0126651
1bcc,2bcc,442,0.272416,0.256034,2,2,26 : 228,2,0.0179436
2lao,1laf,238,4.68253,0.46928,2,2,91 : 192,1,0.00848102
1lfg,1lfh,691,6.42856,1.15033,2,2,92 : 251,1,0.0245166
1p7q,1g0x,183,2.12233,1.29553,2,2,84 : 133,2,0.00792359
1l97,1l96,162,2.38328,0.531428,2,2,12 : 76,1,0.00537056
1omp,3mbp,370,3.64864,1.7295,2,2,111 : 262,1,0.0129806
1mml,1qai,251,1.60732,0.869119,2,2,80 : 84,1,0.00854907
1lua,1lu9,287,0.554807,0.294394,2,2,101 : 231,1,0.0109258
1ejd,1a2n,417,2.10045,1.28626,2,2,111 : 121,1,0.0137585
1rkm,2rkm,517,3.08499,0.544583,2,2,270 : 486,1,0.0194853
1oib,1quk,321,2.95604,0.742562,2,2,77 : 255,1,0.0114822
1php,13pk,390,18.9564,14.5124,2,2,172 : 285,2,0.0161228
1cmk,1jlu,337,1.86525,1.05594,2,2,109 : 306,1,0.0130262
1bpd,2bpg,324,10.3346,1.04415,2,2,84 : 253,1,0.0105735
1k23,1k20,302,11.6188,5.11751,2,2,184 : 282,2,0.0127601
1nyl,1gtr,523,1.56846,0.97236,2,2,86 : 248,2,0.0231274
1urp,2dri,271,4.06192,0.541615,2,2,103 : 235,1,0.0104889
1jsa,1iku,187,11.5487,4.50484,2,2,45 : 98,1,0.00678943
1tde,1f6m,316,7.32882,0.909706,2,2,115 : 245,1,0.0109717
1fgu,1jmc,238,8.30265,1.75415,2,2,115 : 160,2,0.0092721
1msw,1qln,843,18.2748,5.36787,2,2,50 : 234,2,0.0351416
1bp5,1a8e,328,6.7036,0.837197,2,2,92 : 244,1,0.0107438
1ttp,1ttq,256,0.402184,0.351962,2,2,56 : 61,1,0.00718686
1akz,1ssp,223,1.50018,0.931477,2,2,3 : 150,2,0.0104781
1k93,1k8t,474,9.63169,4.66733,2,2,344 : 449,1,0.0178223
1k92,1kp2,431,0.722937,0.537024,2,2,417 : 420,1,0.0155096
1hoo,1qf5,431,2.17151,1.41492,2,2,41 : 218,2,0.0196555
1cf4,1grn,184,5.51393,3.68344,2,2,70 : 180,1,0.00646412
1eft,1etu,177,6.20777,4.27361,2,2,157 : 170,1,0.00655281
1gdt,2rsl,115,1.91063,0.940765,2,2,48 : 94,1,0.00442067
1gpw,1thf,253,3.7967,1.23937,2,2,21 : 29,1,0.00815416
1g7t,1g7s,569,1.68455,0.806974,2,2,334 : 451,1,0.0201075
1dfk,1b7t,720,11.5059,1.27822,2,2,181 : 596,1,0.0272534
1i7d,1d6m,603,3.39975,1.07492,2,2,189 : 566,1,0.0225378
1mcp,1nca,214,14.2566,12.8829,2,2,131 : 173,2,0.00890044
1idi,1idg,74,6.22231,3.89588,2,2,14 : 37,2,0.00269544
1gp2,1cip,316,1.75059,1.35228,2,2,172 : 187,2,0.0115831
7ahl,1lkf,286,18.7077,11.2095,2,2,111 : 143,3,0.0120886
3hvt,2hmi,555,3.44993,2.01113,2,2,221 : 355,2,0.0228606
1klq,1duj,187,9.8415,5.09778,2,2,8 : 163,2,0.00807632
1psi,7api,335,9.0512,1.83397,2,2,172 : 323,1,0.0131819
5at1,8atc,310,2.34953,1.44213,2,2,232 : 246,3,0.0128415
1eer,1buy,166,4.0821,3.11522,2,2,120 : 128,1,0.00582152
1tip,1fbt,185,3.81392,3.53375,2,2,26 : 44,1,0.00640461
9gpb,1gpb,814,1.2438,1.01793,2,2,243 : 462,2,0.0322763
2hco,4hhb,141,0.725256,0.500015,2,2,47 : 139,1,0.00524897
1jmj,1jmo,397,5.94374,2.27616,2,2,12 : 348,1,0.0149623
2pfk,1pfk,301,0.63636,0.531794,2,2,123 : 198,2,0.0123372
1dkr,1dku,293,0.481314,0.361501,2,2,142 : 272,2,0.0117454
1g6o,1nlz,301,0.854642,0.367359,2,2,114 : 232,1,0.0106958
1ii0,1ihu,539,0.514926,0.477288,2,2,180 : 522,1,0.0224441
1bhm,1bam,185,2.38911,1.08095,2,2,180 : 183,1,0.00727324
1q1b,1q12,367,1.16136,0.750159,2,2,83 : 172,1,0.0128357
1fu1,1ik9,170,1.83541,0.749577,2,2,146 : 167,2,0.00693357
1iwo,1su4,994,13.9708,6.95086,2,2,317 : 749,1,0.0337834
1pjr,3pjr,620,13.5582,2.6315,2,2,378 : 525,2,0.0257391
1lwt,1vde,416,2.16465,1.40337,2,2,51 : 63,1,0.0110735
1ih7,1ig9,895,6.48481,1.99458,2,2,476 : 567,2,0.0363328
1bjt,1bgw,662,18.6039,3.99663,2,2,203 : 542,1,0.0231525
