p_pdb_id,q_pdb_id,Residue length,average_delta_g
1cbu,1c9k,180,15.5204
1e0s,2j5x,164,16.3484
1brd,2brd,170,6.18775
4icb,1clb,75,3.58894
5dfr,4dfr,154,0.888394
1pfh,1hdn,84,0.726688
1a8v,2a8v,113,0.361507
1rcl,1rck,105,3.13368
1k9k,1k9p,89,23.98
1bjy,1bjz,194,0.455178
3tms,2tsc,264,0.524326
2ran,1axn,316,20.9122
1f3y,1jkn,165,31.2774
1b0o,1beb,156,3.75255
1a03,1cnp,90,23.5115
5cro,6cro,60,0.103358
1a67,1cew,108,23.2282
3enl,7enl,436,0.770472
1ecb,1ecc,475,35.9377
3hvp,4hvp,97,2.85894
3icd,1ai2,414,0.362659
6ldh,1ldm,329,13.884
1crl,1thg,533,894.21
1bmd,4mdh,326,15.4094
1dqz,1dqy,280,17.9677
1oro,1sto,208,1.95565
1rrp,1byu,200,11.8955
6q21,4q21,168,6.13302
1ser,1ses,421,4.27514
2ktq,3ktq,527,22.1419
1tre,6tim,248,21.2386
1was,1jmw,146,2.36448
1chn,3chy,126,1.82678
1dcm,1d5w,120,2.97766
1lgr,2gls,445,2.53028
1prv,1pru,56,0.198832
2phy,3pyp,125,0.0778946
1a32,1ab3,85,2.68788
1caq,1cqr,168,0.545919
1thv,1thi,207,11.4255
1lb5,1lb4,150,0.638106
1fox,2fow,76,69.2143
1lcc,1lqc,51,1.14494
1j74,1j7d,139,0.137562
2c4q,2iz9,129,0.00874842
1i69,1i6a,206,14.8588
1f8a,1pin,143,106.508
9aat,1ama,401,3.46743
8adh,6adh,374,1.9212
1jky,1j7n,723,0.0757775
1bu7,1jpz,453,7.24278
3cox,1coy,500,0.0516139
1njg,1njf,239,0.3984
1cts,4cts,437,9.97145
1a2v,1avk,610,859.35
1efw,1g51,580,0.297243
2eia,1eia,206,0.22889
5er2,4ape,320,0.10288
2eza,3eza,249,1.02584
1gln,1g59,468,3.14396
2gd1,1gd1,332,0.145278
1be1,1b1a,137,5.09125
1n8z,1n8y,574,0.266792
1i6i,1i5s,320,4.48398
1lci,1ba3,523,0.0149812
1h9k,1h9m,141,0.066236
1jys,1nc3,226,1.09339
1dv7,1dvj,205,0.226208
1jqj,2pol,366,0.397951
1pvu,1pvi,154,0.30205
1uj1,1uk2,300,0.115129
1ng1,1ffh,286,0.206051
1wrp,3wrp,98,0.727482
1evk,1evl,401,15.5319
1amn,1ea5,526,0.124788
1ank,1ake,214,0.54451
1m8p,1i2d,572,0.192739
1bnc,1dv2,433,171.371
1b47,2cbl,304,0.101342
1hng,1hnf,173,299.593
1cll,1ctr,138,0.848397
1crx,4crx,322,0.270752
1l5e,1l5b,101,0.041959
1dap,3dap,320,109.082
1gu0,1gu1,149,1.02762
1jej,1jg6,351,1.49482
1dkx,1dky,211,0.059505
1ddt,1mdt,523,2.00925
1dpe,1dpp,507,39.2556
1n0u,1n0v,819,0.314866
2efg,1fnm,580,0.00543747
1erk,2erk,351,10.6887
2nac,2nad,374,3.05037
1d9v,1mrp,309,30.7481
1e88,1e8b,160,13.1219
1jbv,1jbw,396,0.0382507
1ggg,1wdn,220,104.349
1psd,1gdh,315,130.187
1ex6,1ex7,186,31.6005
1oxu,1oxs,352,0.44338
1fto,1ftm,257,17.4711
1hrd,1k89,449,0.561892
1aon,1oel,524,2486.89
8ohm,1cu1,435,112.098
1ibo,1ibn,20,0.050392
1eq0,1hka,158,31.661
1aa7,1ea3,157,0.947709
1ipd,1osj,345,19.4162
1bcc,2bcc,442,0.0430687
2lao,1laf,238,88.172
1lfg,1lfh,691,34.0127
1p7q,1g0x,183,0.918975
1l97,1l96,162,0.431762
1omp,3mbp,370,57.9078
1mml,1qai,251,5.80381
1lua,1lu9,287,0.291887
1ejd,1a2n,417,13.5257
1rkm,2rkm,517,10.7371
1oib,1quk,321,35.4276
1php,13pk,390,1032.07
1cmk,1jlu,337,2.56198
1bpd,2bpg,324,0.0575162
1k23,1k20,302,13.0947
1nyl,1gtr,523,3.7072
1urp,2dri,271,10.0736
1jsa,1iku,187,20.8463
1tde,1f6m,316,120.589
1fgu,1jmc,238,1.33966
1msw,1qln,843,469.403
1bp5,1a8e,328,271.682
1ttp,1ttq,256,0.104255
1akz,1ssp,223,4.10675
1k93,1k8t,474,17.4993
1k92,1kp2,431,0.323871
1hoo,1qf5,431,2.61244
1cf4,1grn,184,24.5017
1eft,1etu,177,15.4939
1gdt,2rsl,115,0.141516
1gpw,1thf,253,1.9277
1g7t,1g7s,569,0.0204676
1dfk,1b7t,720,0.47947
1i7d,1d6m,603,0.454164
1mcp,1nca,214,355.515
1idi,1idg,74,17.8422
1gp2,1cip,316,7.41359
7ahl,1lkf,286,2141.01
3hvt,2hmi,555,0.357151
1klq,1duj,187,6.97685
1psi,7api,335,5.98771
5at1,8atc,310,10.3289
1eer,1buy,166,15.0867
1tip,1fbt,185,8.82084
9gpb,1gpb,814,0.631675
2hco,4hhb,141,0.179832
1jmj,1jmo,397,9.27198
2pfk,1pfk,301,0.485275
1dkr,1dku,293,0.0761269
1g6o,1nlz,301,0.134408
1ii0,1ihu,539,0.116483
1bhm,1bam,185,1.62755
1q1b,1q12,367,3.1429
1fu1,1ik9,170,0.793105
1iwo,1su4,994,96.1527
1pjr,3pjr,620,154.898
1lwt,1vde,416,5.85998
1ih7,1ig9,895,17.7395
1bjt,1bgw,662,10.6599
