p_pdb_id,q_pdb_id,Residue length,delta_g
3k9v,3k9v,464,11.1182
2bq0,2c23,225,35.1905
1k5h,1k5h,391,5955.39
1k5h,1q0q,398,4117.9
1n9g,1n9g,364,145.85
1gu7,1guf,364,33.6093
1h0k,1n9g,364,10.4724
1h0k,1h0k,364,23.615
1n9g,1n9g,364,91.1376
2vo4,3fhs,216,20.1118
1u3p,1gx1,151,104.96
1h48,1h47,157,127.583
1h48,1h47,157,101.493
1ks9,1yjq,291,12.1749
2ofp,1ks9,291,28.2901
1ks9,2ofp,291,18.0613
2ew2,2ew2,305,3.50756
5uqo,5uqr,434,129.628
5uqo,5uqr,434,343.606
5buq,5bur,452,55.9533
5buq,5bur,466,183.083
5buq,5buq,447,96.4192
2hun,2hun,320,94.2107
2a5a,1uk4,301,20.4545
1uj1,1uk2,302,50.3628
7joy,7joy,306,4.46297
1uj1,1uk2,300,9.47039
3vb3,3vb3,301,43.6329
1nr5,1nua,382,40.4525
1nva,1dqs,372,25.9862
1nvf,1nua,380,105.752
1xah,1xag,323,10.9744
1nrx,1dqs,373,19.4679
1nva,1nvf,379,92.1073
1nr5,1nrx,380,12.2895
2xcu,2xci,353,3.91905
2xcu,2xci,353,1.88601
2xcu,2xci,353,3.547
2xci,2xcu,352,11.1003
2xci,2xcu,353,2.74412
2xci,2xcu,352,13.2215
1h7e,1h7g,241,14.4708
1vh3,1vh3,233,387.397
1gqc,1h7h,241,24.7811
1vic,1vh3,242,283.508
1h7g,1h7g,241,9.31205
2cvz,2cvz,283,9.65109
2y3z,4f7i,350,1505.33
13pk,16pk,415,331.514
3roi,4gfp,406,1027.29
2gg4,2gga,443,1264.41
3roi,3slh,431,1292.83
2gg4,2gg6,443,1267.29
2gg4,2pqc,443,1264.68
1ska,1skb,435,22.0194
1ska,1sk9,435,21.8116
2nww,2nwx,400,418.883
2nwx,2nww,400,403.792
1lwj,1lwh,441,61.5358
5bsm,5bsr,528,2902.73
1inj,1i52,213,1.78052
5tej,5tej,269,423.884
5us6,5us6,260,269.671
4ywj,4ywj,268,10.7152
4ly8,4m19,295,7.87369
4epm,4ewv,472,4784.11
1rf5,1rf4,427,931.632
1rf5,1rf6,427,977.945
4qqu,4l5z,753,280.707
4qqu,4l6h,761,512
1hpu,1ush,515,611.177
1hp1,2ush,511,41.8969
1ho5,1hp1,516,591.57
1ho5,1ush,515,599.948
1hpu,1hp1,516,607.146
1hpu,2ush,520,797.846
6xue,4h2i,516,18.0682
1hpu,1hp1,516,452.381
1xck,1sx4,524,46001.1
1sjp,1sjp,445,610.667
1hka,1q0n,158,229.566
1hka,1q0n,158,229.566
3uqd,3uqd,309,10.3911
2zyd,2zyd,464,35.5904
2zya,2zyd,464,38.751
2zya,2zyd,465,19.2336
3fwn,3fwn,467,4.91516
2zya,2zya,465,17.5871
7xr5,7xe8,288,10.6241
2ex0,2ihz,379,305.845
2a4n,2a4n,179,10.1915
2i13,2i13,130,11.8702
3hvp,4hvp,97,56.4213
1oxs,1oxt,352,60.8225
4qfk,4qfl,505,2550.1
6jal,6jam,406,1920.69
4ra1,4ze8,490,224.783
3ip5,3ip6,348,5.34406
3ip5,3ipa,348,8.40801
3ip5,3ip9,348,16.3248
4eq7,4euo,306,395.505
4r72,4r73,318,1550.06
6hhb,6fjl,345,4.04835
4prs,4psh,225,3096.5
4psh,4prs,225,2825.31
3k01,3k00,388,1103.98
3k01,3jzj,388,1118.67
3k01,3k02,388,1112.78
1g99,1tuu,398,175.321
1g99,1g99,398,200.101
1ozh,1ozh,543,35.8875
1ozg,1ozg,544,108.754
1ozf,1ozf,540,125.087
1ozh,1ozf,538,51.9757
1i9b,1i9b,205,0.400567
2wxb,2wxb,257,44.1426
2wxb,1gs5,258,94.3082
2wxb,1gs5,257,127.709
1oha,1gs5,258,4.56038
1oha,2wxb,257,127.717
1oha,2wxb,258,82.9049
2rd5,2rd5,281,46.2879
3app,2web,323,33.3906
3app,2wea,323,3.57738
2qts,4fz0,405,357.968
2qts,4fz1,405,131.747
2qts,4fz0,406,597.609
4fz0,3hgc,402,445.851
2dhh,2dhh,1022,1979.52
2dhh,2dhh,1022,2547.61
2dr6,2dr6,1022,1835.92
2gif,2gif,1032,2326.64
4dx7,4dx7,1033,1346.95
4dx5,4dx5,1033,1222.74
2zwh,1j6z,368,342.151
1atn,2zwh,371,321.891
2zwh,1esv,358,175.361
3hbt,8a2t,358,136.452
3hbt,2zwh,359,232.263
1t44,2ff3,358,45.6905
2pav,8a2r,360,250.365
2fxu,1nwk,353,31.0744
2pav,1nwk,353,60.5313
2v52,8a2r,356,189.65
1ijj,2zwh,362,278.428
1qz6,1nwk,353,51.9028
3ub5,3u4l,353,70.3192
2p9l,2p9k,393,84.1978
2p9l,2p9s,396,65.6727
2p9n,2p9p,388,29.8078
1u2v,1tyq,399,73.7156
2p9l,2p9u,398,30.5283
2p9l,2p9p,388,24.3061
2p9l,2p9i,392,74.1696
1k8k,2p9u,398,82.6431
1k8k,1u2v,400,77.9255
1k8k,2p9p,388,70.7816
1k8k,1tyq,398,174.477
3o4j,3o4j,574,188.884
3o4j,3o4j,576,164.218
1rx0,1rx0,383,2.27731
3c5e,2wd9,533,3903.36
3b7w,3c5e,536,3709.62
2i6a,2i6b,328,234.667
3x2e,3x2f,400,176.069
3x2e,3x2f,401,252.908
3x2f,3x2e,400,178.046
3x2e,3x2f,400,177.171
3x2f,3x2e,400,181.391
1qiu,1qiu,264,1.74739
1cjk,2gvd,189,79.1803
2eck,4ake,214,2164.69
2eck,4ake,214,2157.94
1nks,1nks,194,164.026
2eck,4ake,214,2025.62
4ake,1ake,214,2088.8
1nks,1nks,194,200.228
1ake,1ank,214,11.5593
2rgx,2rh5,202,887.493
2rh5,2rgx,202,629.918
1kht,1kht,190,371.067
2eck,4ake,214,2032.7
2rgx,2rh5,202,595.797
2rgx,2rh5,202,595.797
1ake,4ake,214,1949.35
1kht,1kht,190,366.951
2bbw,2bbw,220,266.14
1ank,4ake,214,2195.34
1ank,4ake,214,2083.73
1ake,4ake,214,2189.95
2ak2,1ak2,220,7.1064
1j4b,1iwe,430,83.4028
1hoo,1cg0,431,259.918
1k04,1k05,134,225.179
1k04,1ow6,139,220.124
4b8s,4b8r,466,389.754
1r8s,1r8q,160,240.485
1e0s,2j5x,164,834.739
1r12,3i9j,251,13.6189
3c0m,3c0m,449,99.2472
3c0m,3c0n,449,35.0276
3c0n,3c0n,449,91.5361
3og7,3og7,247,172.671
2vhx,2vhx,368,347.802
2eez,2eez,343,14.4736
1adg,2ohx,374,72.8493
1cdo,1cdo,374,34.2633
4w6z,4w6z,347,299.894
4w6z,4w6z,347,307.82
2hcy,2hcy,347,295.387
4dxh,1ye3,374,48.9985
1het,7adh,374,84.2604
1het,8adh,374,61.7023
2ohx,1adg,374,78.8432
2ohx,1adg,374,78.8432
2ohx,8adh,374,78.6241
1y3n,1y3q,490,2824.39
1y3p,1y3q,490,2736.02
3mml,3mml,206,40.2332
3mml,3mml,206,31.4074
3mml,3mml,206,3.42705
3mml,3mml,206,52.568
2nzw,2nzy,340,43.823
2nzw,2nzy,338,100.673
2nzx,2nzy,338,93.4418
2nzw,2nzx,338,99.0293
2nzw,2nzx,340,40.8303
2ffa,2fgj,241,340.238
1otj,1gy9,279,255.321
2vrq,2vrq,493,7.789
4xsr,4xso,364,70.1546
1pea,1qo0,368,73.476
1pea,1qo0,368,73.476
7zbo,7zbo,340,67.787
7zbo,7zbo,339,297.968
3vv5,3vve,237,2.17521
4nqr,4rdc,363,18.8567
3e4f,3ijw,254,14.7935
1qo0,1qo0,189,33.4833
1cmk,1cdk,341,261.519
5tuj,5t0w,229,654.456
1ki0,2doi,168,48.235
1ki0,2doh,165,46.3381
3nxq,3nxq,607,9.94735
6m17,6m1d,748,1742.42
6m17,6m1d,748,1759.13
1r4l,1r42,597,2544.69
3qbw,3qbx,342,13.7767
1axn,1aii,322,17.8552
1khd,1khd,326,51.6821
1khd,1khd,322,61.0517
1o17,1o17,339,52.308
2elc,2elc,329,34.2447
2elc,2elc,329,141.845
2elc,2elc,329,30.4571
1khd,1khd,319,46.9958
1o17,1o17,339,54.2324
1khd,1khd,324,5.40558
1o17,1o17,339,64.2345
2gvq,2gvq,339,46.8767
2gvq,2gvq,340,34.6683
2gvq,1o17,339,39.1703
2gvq,1o17,340,47.3499
1khd,1kgz,326,42.4319
1vqu,1vqu,325,43.9995
1acc,1t6b,660,13.1222
1t6b,1acc,660,13.1222
2aju,2ajx,213,8.45625
2icp,2ict,84,3.82
1b7u,1b1x,689,19.5416
1av1,1av1,201,586.932
2ou1,1l6l,71,57.4228
1l6l,1l6l,73,375.146
2ou1,1l6l,71,15.6868
2p0m,2p0m,662,1802.77
3m10,1bg0,347,235.993
1m15,3m10,346,206.455
1m15,1m80,344,227.11
1m15,3m10,347,227.253
3m10,5j99,347,182.77
1kh1,1kh2,382,13.9169
1kp3,1k92,437,76.9285
1f7v,1bs2,603,848.281
3f73,3dlb,632,2653.36
3f73,3hm9,651,2645.61
1b6b,1cjw,150,156.435
1asm,1ars,395,88.9247
1asm,1ars,395,83.5492
1ars,1art,396,69.7562
1asn,1asm,396,61.6798
1art,1asn,395,46.7485
1art,1asn,395,53.8033
1oxo,1oxp,401,253.198
1asm,1asn,396,65.3068
1oxp,9aat,401,260.406
1asl,1ars,395,67.7184
1asm,1asn,396,58.0099
1asm,1asn,396,70.0991
1asl,1asn,396,51.9505
1asl,1asn,396,44.1531
1ajs,1ajr,411,130.561
1asl,1ars,395,71.6971
1ajr,1ajs,411,161.847
1asl,1asn,396,47.58
1bkg,1bjw,381,276.073
1oxo,1oxp,401,253.198
1asl,1asn,396,55.3667
1x28,1ars,396,58.7383
1ajs,1ajs,411,171.314
1amq,1amr,396,67.4293
1ama,9aat,401,269.168
1art,1ars,396,69.7562
1ars,1amr,396,77.6634
9aat,1ama,401,269.168
2gyy,2gz1,339,48.5925
2gyy,2gz1,352,33.1805
2gz1,2gz3,347,1.39111
3r7l,3r7d,290,346.616
1gq3,1gq3,293,609.073
1gq3,1gq3,283,67.9609
8atc,5at1,146,11.1574
8atc,5at1,310,649.251
1za1,1q95,310,582.101
1f1b,1ezz,310,548.855
1f1b,1ezz,310,539.209
1d09,1za1,152,14.9965
1f1b,1ezz,153,38.3549
1gl3,1brm,356,25.2091
1mc4,1mb4,369,6.62278
1gl3,1brm,357,53.9896
2dt9,2zho,146,81.9223
3tvi,3tvi,421,24.8749
2dt9,2zho,148,103.293
1eqr,1eqr,590,436.808
1eqr,1eqr,590,364.331
1c0a,1eqr,585,401.583
1c0a,1eqr,585,911.16
3nel,3nem,438,49.3696
1eov,1asy,487,87.7397
1efw,1l0w,580,148.104
1g51,1efw,580,230.201
5jxk,5jwi,681,1350.08
5jxk,5jwg,681,1161.26
5jxk,5jwi,673,1960.59
5jxk,5jwg,695,2017.29
5jxk,5jwi,693,2094.99
5jxk,5jwi,669,1261.73
7bsu,7bsv,813,722.098
1gmj,1gmj,60,0.455164
1gmj,1gmj,56,0.419429
1gmj,1gmj,59,0.178342
1gmj,1gmj,56,0.383132
1gmj,1gmj,59,0.315241
6a6n,6a6m,587,9811.92
6qcl,6hxn,214,32.7187
3hws,3hws,306,89.3871
3hws,3hws,308,87.2391
3hws,3hws,308,110.69
3hws,3hws,296,979.312
2v1x,2wwy,527,16.1164
1yyf,1yyf,408,28.7666
1j3b,2pc9,509,95.1253
5e7i,5e7j,424,21.522
5ooq,4u4c,909,17476.9
4qu4,4u4c,898,22370.3
5ooq,2xgj,948,737.693
6ieg,6ieh,872,15057.2
2xgj,4u4c,777,9190.41
4qu4,2xgj,753,2831.12
4u4c,2xgj,921,19882.7
5ooq,4u4c,908,17448.5
1yrb,1yr6,248,101.614
1nh8,1nh7,274,104.477
1e79,1e79,466,693.452
2hld,2hld,468,765.664
1w0j,1e1r,466,697.311
1w0j,2jdi,183,42.9105
1h8e,1h8e,454,307.295
1h8e,1h8e,466,50.0885
1h8e,1e1q,454,184.179
1h8e,1e1q,454,308.61
1h8e,1h8e,454,309.688
1h8e,1bmf,454,282.313
1h8e,2jiz,466,815.434
5ara,5ari,466,284.565
5are,5fil,466,363.72
5are,5ari,466,287.978
5ara,5fik,467,373.414
5ara,5fik,466,469.876
5fij,5fik,466,282.503
5fij,5fik,466,208.621
5fij,5fik,467,507.263
5fil,5arh,467,560.295
5fil,5arh,466,392.042
5fil,5ara,466,352.73
5fil,5ara,467,357.677
5ara,5arh,466,499.2
5ara,5arh,466,298.781
1jdn,1jdp,390,479.096
1xcb,3ikt,201,66.3736
1xcb,1xcb,196,22.9319
5xwy,5xwp,1072,14417
2hj9,1zhh,339,638.735
1jx6,1zhh,338,545.629
4tnw,4tnv,337,77.9739
3rhw,4tnv,337,82.9973
4tnw,4tnv,337,74.4773
2bzd,2bzd,600,6.45353
1msw,1s76,829,1134.18
1qln,1msw,843,78974.6
4o01,4o0p,474,1371.78
1brs,1yvs,108,147.371
1brn,1yvs,108,145.214
1brn,1yvs,108,145.214
3gqi,3gql,281,354.639
3gqi,3gql,273,124.856
3gqi,6nvl,260,386.178
3gqi,6c1o,262,37.9546
3gqi,3gql,275,124.509
1w33,4bl4,180,7.0517
1w33,4bl4,180,14.4229
6vbu,6vbv,486,175.281
1w61,1w62,351,343.328
3fzn,2fwn,522,16.5916
2fwn,3f6b,523,2.07634
1j6z,3mfp,368,428.419
1j6z,1sqk,359,56.8016
1j6z,1t44,354,56.0377
1j6z,8f8p,367,236.184
1j6z,2a5x,339,76.7286
1nwk,2zwh,353,292.953
1j6z,6bno,366,225.796
1j6z,3j8a,366,195.592
1j6z,4a7n,368,305.207
1j6z,1qz6,356,59.5827
1j6z,8d13,367,258.297
1j6z,2q36,359,79.7353
1j6z,3sjh,356,53.8581
1j6z,4b1v,348,93.1679
1j6z,3u8x,356,54.7217
1j6z,1yxq,355,38.6369
1j6z,2a41,368,174.31
1nwk,1esv,353,31.3783
1j6z,2ff3,354,62.6613
1nwk,3mfp,353,348.03
5tv1,3p2d,337,780.143
1blb,2bb2,176,19.5973
1i7x,1i7w,500,8.52384
1i7x,1i7x,518,5.43964
1i7w,1i7w,500,3.34481
3bct,1qz7,444,26.7356
1jdh,2gl7,502,3.2269
1jz8,1jz8,1011,11.154
1jz8,1jz8,1011,18.3396
3l6g,3l6h,254,1098.67
5van,5vaq,859,16.9799
5vaq,6nfj,844,15.2003
5van,6nfj,844,22.356
4y0o,4y0u,242,13.3315
4jf6,4jf4,238,6.41308
2wf5,6h8v,218,368.539
2wf5,6h8u,218,387.142
2wf5,5olw,216,491.167
6hdh,6hdl,218,437.194
2wf5,6h8w,218,381.474
6h93,2wf9,219,188.347
2wf5,6qzg,218,322.876
2wf5,6h93,218,216.427
2wf5,1z4n,204,42.5786
2wf5,1lvh,217,540.897
2wf5,6h8x,218,190.077
2wf5,1zol,218,395.83
2whe,6ydl,219,66.6975
2wfa,2wf5,218,498.956
6h93,2wf9,219,389.035
2wf5,1lvh,217,390.337
2wfa,2wf9,221,287.962
6h93,2wf5,218,425.896
2wf5,6ydm,218,280.223
2wf5,5olw,216,498.939
2wf5,6ydl,218,383.699
2wf5,6h8v,218,380.205
2wf5,6h91,217,295.983
2whe,2wf9,221,294.99
6h93,6h93,219,48.0517
6hdi,6hdk,219,414.439
1zol,2wf9,221,244.242
6h93,2wf6,218,430.929
2wf5,6h91,217,221.365
6hdi,6hdm,219,413.108
2wf5,6h8x,218,335.067
2wf5,5oly,216,10.2786
2wf5,6qzg,218,220.444
1zol,1z4n,219,332.679
1zol,1z4n,204,326.303
6hdh,6hdj,218,436.429
3nas,3nas,192,166.595
1zol,2wf6,218,400.446
1zol,2wf8,218,414.222
2whe,6h93,219,78.5629
2wf5,2whe,218,460.753
1zol,1o03,221,387.599
2whe,6h93,219,38.1712
6hdf,6hdg,219,338.984
1zol,1lvh,220,50.3366
2whe,2wf8,218,480.947
1zol,6h93,219,65.351
6hdh,6hdh,218,27.4272
2wf8,2wf9,218,148.119
2whe,2wf6,218,466.04
1z4o,1lvh,214,508.347
1zol,6h93,219,46.8203
6hdf,6hdf,219,0.814316
6h93,2wf8,218,456.781
6hdi,6hdi,220,36.7777
2wf5,1z4n,218,40.4008
2wf6,2wf9,218,144.854
2wf5,1z4o,214,47.698
2wf5,6ydm,218,427.884
2wf5,2wf9,218,141.668
6hdf,6hdg,219,351.82
1zol,1z4o,219,402.121
1zol,1z4o,215,383.988
2h2q,3hbb,509,467.125
4kf2,4o4p,448,1184.44
4kf2,4o4p,444,1213.95
4kf2,4key,448,1194.18
4kf2,4key,440,1035.41
4kf2,4kf2,448,13.1756
4key,4kf2,446,929.984
1zcz,1zcz,452,35.5265
3eo3,2yhy,283,87.1576
5dvf,5dvj,389,427.098
5dvi,5dvf,389,421.594
2cgh,2cgh,238,44.216
1bib,2ewn,294,44.8668
2ewn,1bib,293,38.1082
2hhj,2hhj,253,7.68467
3nfy,2hhj,248,297.935
3nfy,1t8p,249,16.7611
2h4z,2h4z,254,10.3493
2h4x,2h4x,253,7.53268
2h4z,3nfy,249,454.841
2h4x,3nfy,249,419.029
2h4z,3nfy,249,265.379
2h4x,3nfy,249,271.088
3v0a,3v0c,1276,47769.8
1h8h,1h8h,466,722.881
1e79,1h8e,244,20.8014
1h8e,1h8e,479,28.1432
1bmf,1bmf,466,26.8574
1bmf,1bmf,487,97.2008
1bmf,1bmf,466,754.148
1h8h,1h8h,479,21.3219
1e1q,1h8e,122,12.5253
1h8h,1h8e,486,36.4806
1bmf,1bmf,466,808.334
1e1q,1e79,487,7.25119
1e79,1e79,492,59.1108
1bmf,1h8e,454,291.701
1bmf,1e79,487,12.7139
1h8h,1h8e,454,177.83
1e1q,1e79,122,13.1148
1h8h,1h8e,122,12.221
1bmf,1h8e,454,208.156
1h8h,1h8h,466,710.105
1bmf,1h8e,466,836.663
1bmf,1h8e,466,39.8912
5uja,5uj9,1295,2970.06
1uwh,1uwh,264,0.54759
3c4d,3c4d,257,122.604
3c4c,3c4c,257,155.081
3mxf,3p5o,127,3.09384
1knv,1knv,290,12.2679
1sdo,1vrr,192,214.682
3drx,3dry,155,62.1134
2b39,2b39,1610,220.371
4apx,2whv,208,5.37049
4apx,2wcp,208,4.49684
6jgw,6jgx,125,423.592
1kyw,1kyw,361,52.186
4pgh,4pgg,353,15.0373
3p9c,3p9i,352,181.855
4pgg,4pgg,360,20.7057
1g6o,1nlz,301,12.2795
1nlz,1nlz,301,14.1066
1nlz,1nlz,299,33.7075
1nlz,1nlz,299,1.20101
1nlz,1nlz,313,6.77771
1nlz,1nlz,272,6.28033
1g6o,1nlz,317,20.1985
1nlz,1opx,317,85.1846
1nlz,1opx,301,6.59967
1nlz,1nly,317,47.0164
2fy8,2fy8,222,2.51444
2fy8,2fy8,222,52.8258
2fy8,2fy8,222,48.4351
2fy8,2fy8,222,55.7102
2aej,2aef,219,2.27264
2aej,2aef,219,7.01241
2aem,2aej,223,21.1803
2fy8,2fy8,222,3.24337
3otg,3oth,388,76.2954
5k8q,2fot,134,1253.61
1qx5,1cll,143,2875.2
1qx5,1cll,144,2931.62
1g4y,2bcx,142,416.531
1cdm,1prw,132,86.6496
1cll,1k93,143,725.326
1g4y,1k90,143,492.385
1cll,3bxl,144,214.567
1cll,5j8h,144,244.388
1cll,1sy9,144,823.106
1cll,1cfd,144,583.617
5k8q,1cdl,139,1876.5
5k8q,4zlk,133,2185.49
5k8q,6b8l,142,469.877
5k8q,2f3y,142,2680.12
5k8q,2bcx,139,2751.3
5k8q,1iwq,139,485.503
5k8q,1l7z,141,804.442
5k8q,1nwd,143,347.397
5k8q,1sy9,143,2110.26
5k8q,1yr5,142,1262.52
5k8q,2o60,143,1408.66
5k8q,3dve,139,679.778
5k8q,3dvm,138,371.573
5k8q,3g43,142,1088.7
5k8q,3gof,141,1497.56
5k8q,4ehq,142,680.68
5k8q,6e2f,143,2965.05
5k8q,2m0j,143,2321.15
1mxe,1mxe,144,1.41791
5k8q,4umo,140,591.578
5k8q,6b8l,142,454.41
5k8q,1niw,133,1069.62
5k8q,2be6,141,2820.34
5k8q,1cm1,140,644.984
5k8q,2bki,142,2350.49
5k8q,2f2o,135,813.463
5k8q,2l7l,143,1761.58
5k8q,3dvk,141,576.129
5k8q,3g43,143,2723.08
5k8q,3gp2,143,1051.11
1cll,1a29,143,365.658
5k8q,3hr4,142,1688.02
5k8q,6e2g,143,2706.54
5sy1,2x51,145,2234.54
5k8q,2l53,143,1200.12
5k8q,6b8l,143,446.643
5k8q,6b8q,143,385.898
5k8q,2f2o,138,971.46
5k8q,2ix7,142,1318.36
5k8q,1cdm,133,374.909
5k8q,1cff,143,2611.02
5k8q,1ckk,143,1846.33
5k8q,1iq5,141,2099.42
5k8q,1wrz,143,1166.87
5k8q,1zuz,141,1208.37
5k8q,2hqw,138,383.027
5k8q,2m55,143,1473.35
5k8q,3bxl,142,2204.58
5k8q,3bya,137,363.384
5k8q,5j8h,143,1437.1
1up5,1up5,144,14.3154
5k8q,5k7l,139,444.714
5k8q,6feg,143,464.983
5k8q,4umo,142,584.903
5k8q,6b8q,140,377.603
5k8q,1niw,133,1039.67
6o20,2fot,134,3713.86
5k8q,2kdu,143,1301.48
5k8q,2kne,143,3952.59
5k8q,2x0g,132,2804.9
5k8q,3ewt,141,898.217
5k8q,3sui,142,621.522
5k8q,6b8l,142,439.71
5k8q,6b8q,143,433.12
5k8q,3gof,141,1613.08
5k8q,6cnn,143,1140.4
5k8q,6cno,143,1168.76
3dvm,3bya,136,28.2294
2o5g,5k8q,143,2000.58
3dvm,4ehq,140,486.775
6y4o,5k8q,138,2721.38
4q5u,5k8q,142,2444.66
1cll,1cdl,142,344.567
2o60,1k90,143,276.591
1cll,1cm1,143,565.412
1cll,1qiw,143,375.693
1cll,1qiv,143,331.612
1cll,1xa5,142,266.47
1cll,3g43,144,1090.05
1cll,2dfs,140,768.24
1cll,3ewv,144,633.508
1cll,3ewt,142,239.625
1cll,3dvk,143,610.304
1cll,3dve,139,463.832
1cll,2ix7,143,1217.66
1cll,2hqw,137,455.6
1cll,2fot,134,514.561
1cll,2f3y,144,229.096
1cll,2dfs,140,764.796
1cll,2dfs,138,670.329
1cll,2bki,144,605.663
1cll,2be6,140,330.524
1cll,1niw,135,892.451
1cll,1a29,143,365.658
1cll,1g4y,144,697.331
1cll,3g43,144,1076.58
1cll,3hr4,144,490.78
1cll,3g43,144,272.531
1cll,3dvm,140,501.913
1cll,2vay,144,288.394
1cll,2o60,144,1017.54
1cll,2ix7,143,1315.59
1cll,2dfs,138,695.924
1cll,2dfs,138,677.922
1cll,2dfs,140,754.13
1cll,2bcx,142,424.202
1cll,1yr5,144,772.899
1cll,1wrz,144,750.461
1cll,1iwq,139,562.292
1cll,1iq5,144,519.235
1cll,1cdm,133,600.421
1cm1,1g4y,143,365.928
3i79,3hx4,444,16306.3
3i79,3n51,440,67.8706
3i79,3i7c,439,163.425
2f2o,1up5,140,27.4338
2f2o,1up5,138,44.4162
1xfv,1k90,485,563.806
1k8t,1k93,474,4567.85
1k8t,1k90,474,4597.87
1k8t,1k93,492,5042.85
1k8t,1k93,456,5855.21
1cll,1cdl,142,344.567
1cdl,2f2o,140,241.501
1cdl,1cdm,132,27.1567
3lst,3lst,322,36.9986
2g8j,1tl9,321,173.559
2p0r,1ziv,308,42.2851
1j3h,1bkx,326,115.998
1j3h,1atp,323,222.227
1j3h,4dh3,322,469.589
1u7e,1j3h,327,506.574
1j3h,1bkx,326,313.301
1j3h,1l3r,323,488.676
1atp,2qvs,321,283.554
1atp,1j3h,323,477.103
3l61,3l63,396,553.348
5xra,5tgz,426,14377.9
3ojl,3ojl,411,451.728
3ojo,3ojo,409,46.0457
4jz7,4jz9,316,58.8395
4jz7,4jz9,316,1612.05
1bxr,1c30,1058,788.518
1bxr,1c30,1058,760.281
4kp8,4ht2,261,11.6952
1oao,1oao,728,484.697
1qz3,1u4n,308,379.807
1k9a,1k9a,438,3687.19
8h4z,8h52,393,231.911
1tw2,1tw2,338,50.4951
1tw3,1tw3,340,7.19819
5jr3,5jr3,343,18.3563
5jr3,5jr3,340,8.07986
1jam,1lp4,327,5.92959
1jam,2oxy,327,22.4337
1jam,1zoh,325,6.25321
2wc2,1j59,199,138.01
1ygr,1ygr,556,7.01704
1lgp,1lgq,112,117.888
3wqu,3wqu,369,16.3317
3wqt,3wqt,352,35.874
3wt0,3wt0,376,22.9967
1e4f,1e4g,372,235.29
3wt0,3wt0,375,17.8883
3wt0,3wt0,374,16.2422
3wqt,3wqt,334,23.6138
4a2a,4a2a,370,59.3022
2cea,2cea,406,188.929
2cea,2cea,406,189.17
5mn4,5mn8,298,88.4934
5h5g,5h5g,305,201.783
3voa,3vpa,300,11257.9
5h5g,3voa,306,204.931
5h5i,5h5h,305,164.059
3voa,3vo9,284,10336.9
3wgm,3wgl,301,85.5075
1pxn,1aq1,277,13.6305
1vyw,1aq1,277,279.488
2exm,1aq1,277,10.8203
1fq1,1jsu,283,831.3
2b54,1fq1,295,820.992
1fq1,1b39,287,771.262
2exm,1fq1,295,774.383
2exm,1qmz,295,2408.58
2bts,1pf8,274,5.83899
2b54,1qmz,295,2438.43
5nz7,5nz8,884,30.8103
4ku7,4ku8,124,73.5869
1kx8,1n8v,94,126.444
1bc5,1af7,269,32.3751
4mbs,4mbs,346,10.7417
6aky,5uiw,340,3379.68
4mbs,6aky,340,206.796
1zty,1zu0,528,6253.28
1zty,4gfr,528,6252.24
2q2u,1p8l,272,927.13
2q2t,1p8l,272,935.406
1qxo,1qxo,376,101.125
1gxj,1gxl,162,101.497
1gxj,1gxl,161,86.9555
5a1s,5a1s,426,6954.29
1iom,1ixe,370,1308.61
1iom,1ixe,371,724.519
5csc,2csc,429,671.125
6cts,5csc,429,669.412
1cts,4cts,437,747.817
2hf7,1rmt,209,3.95082
1qvr,1qvr,803,827.915
1qvr,1qvr,803,24.4235
1qvr,1qvr,803,441.532
7ds0,7ds1,181,2.32516
2yk4,2yk5,314,5.00602
2r7e,6mf2,612,352.742
3cdz,3j2q,631,5102.97
1g40,1rid,243,28.6852
1g44,1rid,223,32.6179
5oqp,5oqq,785,49.995
4d18,4d18,403,2.08736
4d10,4d10,403,1.64019
4d18,4d10,406,12.7062
4d18,4d18,406,3.2813
4d18,4d10,208,0.183193
1jk9,1qup,218,70.8919
1jk9,1qup,217,90.3317
1jk9,1qup,217,88.1589
1we3,1we3,527,4580.67
3dre,3b6r,367,79.0109
3dre,3b6r,367,338.582
3dre,3drb,367,65.1843
1u6r,1u6r,380,149.829
6o0y,6o0z,1098,12407.6
5f9r,7s4u,1090,3326.26
1l5b,3ezm,101,115.294
3ezm,1m5j,101,103.424
1l5b,3ezm,101,113.667
1u12,1vp6,127,122.25
1f5q,1ckp,277,208.554
1f5q,1ckp,269,208.661
1fin,3pxr,294,1776.4
1fin,1hck,294,1887.71
1fin,1hcl,294,1904.2
1dm2,1qmz,272,164.581
1jst,1hck,293,2556.28
1aq1,1qmz,275,329.451
1aq1,1jsu,265,392.478
5kkw,5wjp,237,94.8283
3gwf,3gwd,511,183.035
1ihg,1iip,297,204.078
1kp9,1kph,270,1161.97
4pcu,4pcu,482,74.637
2fem,2feo,208,471.927
2e74,2e76,163,39.0348
1bu7,1jpz,455,273.296
1bu7,1jpz,453,227.96
3tbg,3tbg,456,18.0189
2cpp,1rf9,404,484.056
1k6w,1k70,423,151.19
1wmb,2ztl,260,173.624
2ztv,2ztl,260,3.50161
1ygy,1ygy,527,1876.91
1psd,1psd,404,120.292
4nfy,4njm,301,569.869
2yzg,2zdq,307,348.788
1gub,1rpj,288,1164.12
2o1c,2o1c,142,116.947
1k1q,1k1s,333,11.7289
1k1q,1k1q,333,38.015
1jks,1jkt,276,148.322
1wvw,1wvy,273,20.6429
2vbc,2whx,582,1198.69
1dek,1dek,230,42.3103
2qw1,2fw0,305,7.77919
2fw0,2gbp,305,1724.2
2hph,2fw0,304,1708.61
2gbp,2fw0,305,1724.2
1dc6,1gad,328,10.7707
1gad,1gad,328,1.84356
1crw,1dss,332,15.2896
1gd1,2gd1,332,16.2163
2gd1,1gd1,332,13.6152
1gd1,2gd1,332,12.5121
3wb9,3wbf,297,498.884
2gkj,1gqz,274,341.271
1gqz,2gke,274,367.29
2otn,2otn,286,138.111
3dap,1dap,320,2376.46
2ffl,2ffl,718,4.42292
2wb4,1w25,441,574.702
2wb4,1w25,441,575.469
7emy,7en2,1243,22401.9
7emy,7en1,1242,43462.5
3qy9,3qy9,241,84.0863
5z2d,5z2f,264,887.333
1vm6,1vm6,214,534.824
1arz,1arz,269,427.842
3qy9,3qy9,239,70.2061
3ijp,3ijp,266,729.897
3m5v,3ler,290,6.62536
3m5v,3ler,289,1.39273
3m5v,3ler,290,6.67389
3ler,3m5v,289,1.19518
3m5v,3ler,290,1.50701
3m5v,3ler,290,0.564052
3m5v,3ler,290,1.98063
3m5v,3ler,290,7.05366
3c1t,2c29,321,8.4238
3c1t,2c29,321,12.8677
3c1t,2c29,321,4.86904
3c1t,2c29,325,45.3103
1tox,4ow6,469,5724.87
1sgk,1f0l,520,4414.78
1bi1,1bi2,136,6.75674
1bi2,1bi2,138,4.11902
1j49,1j49,332,204.964
5z21,6abi,330,404.773
1j4a,1j4a,331,4.33483
1j4a,1j4a,331,8.65931
6abj,5z20,328,114.925
1omp,1anf,370,1309.94
1omp,1anf,370,1309.94
1omp,4mbp,370,1210.55
1anf,1jw4,370,1450.67
1anf,1jw5,370,1420.96
1omp,1dmb,370,15.9244
1omp,3mbp,370,1242.31
1omp,4mbp,370,1210.55
1anf,1lls,370,1430.57
3mbp,1lls,370,1362.49
1omp,3mbp,370,1242.31
1omp,1anf,370,1309.94
2w2l,2w2l,344,68.9909
2w2l,2w2l,345,11.3952
2w2l,2w2l,344,47.0835
2w2k,2w2l,344,52.2792
2w2k,2w2l,345,11.087
1jej,1qkj,351,177.058
1jej,1jix,351,174.918
1jej,1jg6,351,183.32
2q6t,2q6t,410,400.664
4a11,5hxb,1063,42950.3
6dsz,5hxb,1034,19284.2
4a11,6dsz,1081,198213
1s0v,1cez,837,81739.7
2a6h,1iw7,229,399.797
1iw7,1iw7,1119,91.2162
2a69,2be5,1392,88.956
1i3q,1i6h,1078,102.213
1i50,1i6h,1078,54.4081
1i50,1wcm,1078,47.801
1i3q,1k83,1071,84.0928
1i3q,1i50,1083,106.499
1i50,1i6h,1381,183.304
1i3q,1y1w,1406,474.639
1i6h,1k83,1351,272.118
1i3q,1i50,1414,221.719
1i3q,1wcm,1406,483.451
1i50,1wcm,1411,391.473
1i50,1y1w,1411,435.38
1k83,1i3q,1361,238.712
1i50,2nvq,1395,218.733
1i3q,1i6h,1381,503.106
3qks,3qkt,157,63.8224
1e0j,1e0j,286,18.4763
2is4,2is2,629,1934.08
1rif,1rif,282,45.8257
3agz,3agz,182,29.7913
1dky,1dkz,211,9.16956
3sgi,1zau,321,2282.34
1x9z,1x9z,179,77.0418
1e3m,1w7a,731,237.452
1e3m,1e3m,731,234.17
1bpx,2fmp,326,58.9931
1bpx,1bpy,326,21.5753
1bpd,2bpg,324,87.4257
1bpd,2bpg,324,52.1953
2fmq,9ici,326,67.7226
2bpg,1bpd,324,52.1953
1jih,2r8k,509,111.439
1jih,1jih,509,90.7892
1jih,2r8j,509,225.228
1njg,1njf,239,33.3435
1njg,1njf,239,29.4481
4jv1,4rzr,341,31.1946
2va3,2rdi,335,1562.75
4gc7,4rzr,341,29.9203
2ago,2agq,341,9.93926
2ago,2agp,341,3.33903
4rzr,2r8h,341,31.5686
4rzr,2ago,341,17.5911
4qw9,4rzr,341,32.6378
3qz7,2rdi,335,1345.55
3qz7,4rzr,341,29.3912
4rzr,1n56,341,16.7895
2agp,4rzr,341,26.2551
3pvx,4rzr,341,30.1937
3m9n,4rzr,341,33.3081
3m9n,2rdi,335,1246.41
2ia6,2rdi,335,1498.75
1n48,4rzr,342,81.2531
1n48,2rdi,335,464.204
2ia6,4rzr,341,39.2679
2ia6,4rzr,341,38.1267
2ia6,4rzr,341,24.5099
3pw0,4rzr,341,24.5681
2agq,2rdi,335,1420.42
4rzr,4qwd,341,30.3113
3m9m,2rdi,335,1379.76
4rzr,4g3i,341,69.7979
4rzr,4qwa,341,33.2899
4rzr,2agq,341,27.7314
4rzr,2ia6,341,21.7985
2agp,2rdi,335,1301.08
4rzr,3qz8,341,32.1309
2ibk,4rzr,341,36.1039
3m9m,4rzr,341,34.8495
1s97,4rzr,341,40.1853
1s97,2rdi,335,1202.85
3m9o,2rdi,335,1342.51
3v6j,4rzr,342,16.0262
4rzr,2rdi,335,1450.73
4ruc,4rzr,341,27.5441
3m9o,4rzr,341,33.8547
2ibk,2rdi,335,1587.36
3v6h,2rdi,335,962.818
2agp,2rdi,335,1317.11
2bqr,4rzr,341,25.8464
4fbt,4rzr,341,21.4391
2r8g,2rdi,335,1515.04
2imw,2rdi,335,1379.47
4rzr,7kle,341,29.908
2r8i,2rdi,335,1428.07
2r8h,2rdi,335,1507.12
4juz,4rzr,341,25.3619
4rzr,1s9f,341,36.7188
2asd,2asj,341,57.5512
1s0n,4rzr,341,24.2829
2rdi,2v9w,335,1360.4
2rdi,4jv0,335,1540.74
2rdi,4rua,335,1458.92
2rdi,4ruc,335,1532.43
2rdi,5edw,335,1309.06
2rdi,2bqr,335,1521.15
1s0o,2rdi,335,1420.3
2rdi,1s0n,335,1238.86
2rdi,1jxl,335,1184.75
2rdi,4tqs,335,1125.04
2rdi,4jv1,335,1446.27
2rdi,6l84,335,1332.75
1jxl,6vnp,341,6.741
2rdi,6vnp,335,1553.9
2rdi,3pw0,335,1429.24
2rdi,6vgm,335,1325.17
2rdi,3pvx,335,1547.9
2rdi,7kle,335,1358.38
2rdi,1s9f,335,1285.36
2rdi,4tqr,335,555.252
2rdi,1s0m,335,1484.99
2rdi,7klf,335,1290.03
2rdi,4qwc,335,1494.29
2rdi,4qwa,335,1399.22
2rdi,4qwd,335,1386.36
2rdi,4qw8,335,1532.28
2rdi,1ryr,335,1437.79
2rdi,4qw9,335,1439.41
2rdi,1s10,335,1333.98
2rdi,3v6k,335,1513.5
2rdi,6vkp,335,1567.54
2rdi,4fbt,335,1139.28
2rdi,4fbu,335,1199.12
2rdi,4gc7,335,1520.66
2rdi,4juz,335,1591.33
2rdi,4jv2,335,1475.71
1jx4,2rdi,329,1158.53
2rdi,3t5h,335,1508.54
2rdi,3v6j,335,1677.78
2rdi,4qwe,335,1352.3
2rdi,4g3i,335,1189.67
2rdi,6vg6,335,1265.6
1jxl,4fbu,341,8.19187
1jxl,4g3i,341,11.6818
2rdi,4gc7,335,1610.63
2rdi,3v6h,335,1692.84
2rdi,2rdj,335,1368.22
2rdi,2ia6,335,1330.27
1jxl,4rzr,341,45.2394
1jx4,1jxl,335,4.88683
1jx4,1n48,335,149.908
1jx4,1s0o,335,4.55872
2rdi,1s97,335,1211.51
1jx4,1s0n,335,4.18111
2rdi,1rys,335,1150.54
2rdi,2ago,335,1418.23
2rdi,3qz8,335,1368.97
2rdi,1n56,335,1462.62
1jxl,5edw,341,2.1157
1t3w,1t3w,131,118.795
3al2,3al3,216,21.3644
1zxm,1zxn,350,8.44997
1zxn,1zxm,355,5.55871
6vvc,6vve,252,39.2149
3dmk,3dmk,676,269.213
2au0,2atl,341,65.6458
2dri,1urp,271,795.444
1urp,1urp,271,0.429275
1urp,2dri,271,740.605
2dri,1urp,271,811.92
1urp,2dri,271,740.605
2dri,1urp,271,747.935
1kc1,1kc3,298,33.5262
7d3e,7d3f,1358,26348.2
3fme,3enm,246,203.048
3m9w,3ma0,305,624.312
4gby,4ja4,442,176.379
2x2e,3zyc,316,2952.82
2x2e,2x2e,333,270.162
1az3,1eoo,186,74.2075
1rve,4rve,240,80.5969
3cja,3cj1,419,3.98612
4br4,4br9,356,45.3839
2eia,1eia,206,82.4281
2eia,1eia,204,657.593
2eia,2eia,204,301.352
2eia,1eia,204,657.593
2eia,1eia,206,82.4281
1n0v,1n0u,819,1669.74
1n0u,1n0v,819,1090.26
1aip,1tfe,142,89.4876
1exm,2xqd,403,29.1217
1tui,1ob5,397,2019.75
1efc,2bvn,372,1257.48
1efc,1ob2,386,2063.33
1b23,1tui,397,1921.78
1exm,1ha3,391,53.1959
4h9g,2c78,397,196.58
1xyo,1ref,189,22.4135
2xdt,3qnf,696,76.2365
5er2,4ape,320,11.0888
4ape,5er2,320,11.0888
4ape,4er2,320,12.0611
4ape,4er2,320,12.0611
4ape,1epp,320,13.1435
1e9i,2fym,430,15.9354
3h8a,1e9i,430,156.161
1one,1ebh,436,172.558
3rg2,3rg2,600,12.5092
2chu,3zkw,283,29.7063
1oan,1oke,394,185.865
2x10,2x11,461,427.548
2gs2,2gs6,304,4.56888
1ivo,1mox,499,79.9161
1ivo,1mox,498,108.385
1nql,1ivo,510,1679.53
3ltf,3ltg,522,41.8512
1nql,3njp,612,1726.45
4bkj,3zos,293,51.0844
1aoj,1i0c,59,720.718
1eer,1cn4,213,39.7406
1eer,1eer,213,38.8156
7ppz,6xki,362,230.793
3gpl,3gp8,506,161.716
1u6z,2flo,479,12.0364
1t6c,1t6d,295,18.5037
3icq,3ibv,906,154.301
4mlc,4q6b,328,82.1212
6g7n,6g7q,318,6.13118
1q0x,1q0y,209,0.557823
1nbv,1cbv,219,60.0241
4rea,4reb,566,46.5232
1b56,4azm,132,228.496
1e2x,1h9g,222,31.5397
1hw1,1h9g,223,31.4648
1h9t,1h9g,223,35.8542
5ncc,5ncc,578,2.39807
5ncc,5ncc,578,0.959564
3hhd,3hhd,852,184.234
3hhd,3hhd,852,223.223
1wdk,1wdl,706,104.972
1wdl,1wdl,706,54.186
1wdk,1wdl,708,65.4352
2e31,2e32,240,4.84212
1fnd,1fnb,296,3.66411
3ab1,3ab1,318,878.718
3lhs,3li2,288,210.999
4fil,4fkm,208,34.7996
3r5s,3r5t,293,31.7883
2o5p,2iah,751,226.856
1ak1,1c1h,306,12.3177
1r19,1r17,292,23.2461
2pvf,8e1x,281,2490.37
2cg6,2cg7,90,60.7507
1pxy,1pxy,463,3525.72
3usy,3usw,212,8274.56
3usw,3usy,212,8781.82
1qo8,1qo8,564,52.6007
1d4c,1d4c,566,24.4831
1d4c,1d4c,566,380.436
2fok,1fok,553,58.3968
1jbv,1jbw,396,20.8012
4iol,4iok,557,130.784
4iol,4iok,557,130.784
1eyi,1eyj,327,2028.1
1lbv,1lbx,252,41.4399
3o74,3o75,268,6.82143
3p4p,6b58,542,317.969
5ea3,5ea5,417,39.8617
3p0g,2rh1,276,387.622
3c4m,3c4m,465,7.99201
4ueo,4uej,346,68.1344
1gcg,3gbp,305,4.4034
1gcg,1gca,309,4.98513
1gcg,3ga5,305,48.7817
6hup,6hug,344,26.022
6hup,6hug,336,33.8359
6hup,6hug,330,34.259
4mqe,4ms3,394,1318.19
4mqe,4ms4,407,1266.9
4mqe,4mr9,407,16.9844
4mqe,4mqf,406,5.49738
4mqe,4mr7,407,9.89623
4mqe,4ms3,400,154.735
1gdt,2rsl,115,28.4131
1n7g,1n7g,312,32.6731
4nc9,2gej,361,3483.98
2gej,4nc9,338,9070.38
4nc9,2gek,361,3471.67
2gej,4nc9,353,10170.3
2d3e,2d3e,130,25.0947
6kr2,6kr3,834,336.924
1wmw,1wmw,324,446.158
1agq,1agq,89,69.7778
1q18,1sz2,314,58.9483
1knq,1ko5,171,80.3955
1knq,1kof,171,63.8581
1knq,1ko8,171,23.867
1dea,1fsf,266,56.3694
1dea,1cd5,266,55.9252
1hot,1cd5,266,54.9681
1dea,1fs6,266,42.9194
1jt9,1dea,247,36.2319
1frz,1fs6,266,47.4056
1jt9,1hot,247,35.9298
1fqo,1fs6,266,48.2553
2j5t,2j5v,323,3.62589
1euz,1euz,416,13.0496
1euz,1euz,416,10.9265
1hrd,1hrd,449,36.163
1euz,1euz,416,102.299
1euz,1euz,416,13.8056
1hrd,1hrd,449,6.81987
5xvi,5xvi,458,236.925
1bvu,1bvu,416,5.7223
1hrd,1hrd,449,14.5283
1hrd,1bgv,449,102.93
5xvv,5xvv,458,252.09
2yfh,2yfh,443,61.9433
1y20,1pbq,274,559.902
1y1z,1pbq,274,526.846
1y1m,1pbq,269,69.6224
2ohg,2ohv,258,27.3834
4u2r,4u2r,259,98.6507
4u2r,4u2r,259,60.7225
4u2r,4u2r,259,35.8793
4u2r,4u2r,261,9.57189
3bki,1fto,257,6.72331
4u2r,4u2r,260,55.7292
4u2r,4u2r,259,14.5287
4u2q,4u2p,715,1847.4
4u2r,3o6g,259,480.414
1my3,1fto,257,346.832
3bki,1ftj,257,238.493
1mqj,1ftj,258,6.22395
1n0t,1mqj,257,297.69
3bki,1fto,257,21.3228
3bki,1fto,257,19.8342
1n0t,1ftj,257,382.37
1n0t,1wvj,257,290.023
2cmo,1n0t,257,52.9742
2cmo,1n0t,257,95.0001
3dp6,1fto,257,361.559
2cmo,1n0t,257,14.6256
2cmo,1n0t,257,58.6223
1mqj,1mqg,259,35.4313
3bki,1ftj,257,260.834
3bki,1ftj,257,240.277
3bki,1ftj,257,270.023
3dln,3rt6,258,4.70945
3dln,3dp4,258,2.29248
3dln,3rt8,258,21.229
3en3,3epe,257,27.7084
3fas,3fat,259,14.6344
2v3t,5cc2,231,129.252
2v3t,2v3u,233,556.348
5cc2,2v3u,248,317.862
2f36,4qf9,244,1905.57
2znu,3fv2,255,49.691
3s2v,3gba,251,799.414
3s2v,1txf,248,872.685
4qf9,4e0x,248,311.245
3s2v,3gba,250,811.457
2f36,2f35,250,666.079
2f36,2f34,250,628.594
3s2v,2pbw,253,490.427
3s2v,2pbw,248,490.807
3s2v,2wky,254,560.563
3s2v,2f36,248,924.431
3s2v,2f36,253,948.706
3s2v,2f36,248,819.75
3s2v,2qs3,251,61.4839
3s2v,2qs3,251,57.6522
3s2v,2qs2,251,63.1217
3s2v,2qs2,251,63.5299
3s2v,3c36,254,523.082
3s2v,3c36,254,515.051
3s2v,3c35,254,527.989
3s2v,3c35,254,519.389
3s2v,3c31,254,511.524
2qs4,2f36,252,520.459
2qs4,2f36,250,540.033
2qs4,2f36,250,496.108
3s2v,4qf9,252,98.8441
6jfz,6jfy,717,750.619
3s2v,3gba,257,864.98
6jfz,6jfy,711,26412.8
2f36,2f35,250,671.009
2f36,5nf5,253,86.1254
2f36,3c33,253,57.0787
2f36,3c32,253,53.9807
2f36,4dld,253,96.0601
2f36,4dld,253,59.3601
2f36,2pbw,252,72.5477
4e0x,3gba,245,34.6499
2f36,2pbw,247,72.2909
2f36,2f34,250,619.425
4e0x,3gba,246,33.0216
4e0x,3gba,249,90.8703
2f36,3c31,253,63.667
2f36,3c32,253,58.9024
4e0x,3gba,249,91.4482
4e0x,2qs4,249,275.104
4e0x,2qs3,249,376.402
4e0x,2qs3,249,367.368
3s2v,4dld,255,420.758
4e0x,2qs2,249,390.962
4e0x,2qs1,249,253.691
4e0x,2qs1,249,255.136
4e0x,2pbw,249,6.93054
3s2v,2ojt,251,47.3659
4e0x,2pbw,248,7.09295
4e0x,2f35,249,400.91
4e0x,2f35,249,396.644
4e0x,1vso,240,387.128
3s2v,3gbb,255,701.327
4e0x,3gbb,249,90.2732
4e0x,2f34,249,358.627
2f36,5m2v,251,139.09
1vso,2f36,243,652.618
3s2v,3gbb,257,832.487
2f36,2qs3,250,644.424
4e0x,2qs4,249,327.329
2f36,2qs2,250,655.398
2f36,2qs1,250,477
3c31,2f36,253,60.3231
3s2v,2wky,253,553.503
2f36,4qf9,248,675.452
3s2v,3c33,254,531.765
3s2v,3c34,254,531.854
3s2v,3c34,254,536.422
3s2v,3c32,254,524.517
3s2v,4qf9,250,144.336
2f36,3c34,253,57.0901
3s2v,3c32,254,523.409
2f36,4e0x,248,43.8069
2f36,4e0x,253,45.8115
2f36,2f35,248,693.511
2f36,2f35,250,710.286
2f36,2f35,248,607.529
3s2v,3s2v,254,87.2408
3s2v,1vso,243,99.7719
3s2v,2qs4,251,101.622
3s2v,2qs4,253,94.9821
3s2v,2f35,251,52.7469
3s2v,2f35,251,54.6793
3s2v,2f34,251,57.7236
3s2v,2f34,251,53.8817
3s2v,2qs1,251,86.9716
3s2v,2qs1,251,87.5559
3s2v,4e0x,249,578.432
3s2v,4e0x,254,591.021
3s2v,3gba,257,873.824
2f36,4qf9,250,538.488
2f36,4qf9,250,646.693
2f36,4qf9,244,1841.83
3c32,2qs4,254,279.23
2f36,2ojt,250,648.692
3c32,2qs3,251,323.022
3c32,2qs2,251,344.49
3c32,2qs1,251,217.319
2f36,2ojt,250,645.334
2f36,4e0x,248,46.7984
3s2v,2f36,253,596.071
3s2v,2f36,253,901.825
3s2v,4dld,254,521.752
3s2v,2qs4,251,108.46
3s2v,2ojt,251,48.2846
3s2v,3c31,254,505.174
3s2v,3c33,254,527.048
6fz4,2f36,249,781.728
2xxr,1yae,245,59.8649
2xxr,2xxt,248,7.17176
4h8i,4h8i,256,269.041
4kcc,1y1z,273,506.825
4kcc,1pbq,269,88.9735
4kcc,1y1m,266,64.3875
4nf4,4nf8,277,705.897
4kcc,4nf8,274,540.935
4nf5,4nf6,272,18.5293
4kcc,4nf6,274,557.869
4kcc,4nf5,268,521.989
4kcc,4kfq,274,118.486
4kcc,4nf4,271,66.0742
4kcc,2a5t,270,523.986
2a5t,4nf4,271,682.02
4kcc,1y20,273,549.42
4nf5,4nf8,272,225.786
4nf5,4nf6,272,17.3895
4nf5,4nf4,270,169.799
4nf5,4jwx,273,171.359
4nf5,2a5s,273,209.603
4nf5,2a5t,270,193.711
1ftm,1my3,258,2.97625
2cmo,1n0t,257,495.07
2cmo,1n0t,257,271.285
2cmo,1n0t,257,249.246
1ftj,2cmo,257,434.86
1ftm,1my3,258,10.9489
1ftm,1my4,258,20.649
1ftm,1my4,258,5.72238
1ftj,1my4,258,4.97386
1ftj,1mqg,258,54.9892
1ftj,1mqi,258,15.3781
1ftj,1n0t,257,206.08
1ftj,1n0t,257,428.167
1txf,1vso,240,626.286
1txf,2qs4,248,491.481
1txf,2qs4,248,502.555
1txf,2qs4,248,460.346
1txf,2qs4,248,526.051
1txf,2qs3,248,608.773
1txf,2qs3,248,597.032
1txf,2qs2,248,618.723
1fto,1my4,257,335.621
1txf,2qs2,248,620.754
1txf,2qs1,248,446.513
1txf,2qs1,248,449.061
1ftj,1my3,258,11.9075
1ftj,1my4,258,15.8947
1ftj,1mqg,258,69.0662
1ftj,1mqj,258,11.6281
1txf,2f35,248,630.2
1txf,2f34,248,594.926
1txf,2f34,248,585.16
1mqi,1mqg,259,29.7249
1ftm,1fto,257,307.226
1ftm,1my3,258,7.38328
1fw0,1ftm,258,64.4877
1fto,1mqg,257,256.678
1ftj,1ftl,257,210.977
1ftj,1n0t,257,219.832
1ftj,1n0t,257,344.255
3b7d,1ftj,258,189.98
3b7d,1ftj,257,259.818
3b7d,1ftj,258,188.941
3b7d,1ftj,258,260.954
3b7d,1ftj,259,190.045
3b7d,1ftj,257,260.164
3b7d,1ftj,258,190.784
3b7d,1ftj,258,259.66
1fto,1my2,257,377.818
1fto,1my3,257,338.209
1fto,2al4,257,335.251
1fto,2al4,257,361.754
1fto,2al4,257,362.351
1fto,2al5,257,290.165
1fto,2al5,257,290.362
1fto,1n0t,257,26.1649
1fto,1mqi,257,273.122
1fto,1mqg,257,268.742
1fw0,1fto,257,184.456
1fto,2cmo,257,408.798
1fto,1ftm,257,324.12
1ftj,1fto,257,349.63
1fto,1mm6,257,386.022
1fto,1mm6,257,370.342
1fto,1mxu,257,325.133
1fto,1mqj,257,299.126
1fto,1mqg,257,275.019
1fto,1wvj,257,278.723
1fto,2al4,257,335.212
1fto,2cmo,257,32.3904
1fto,1mm7,257,388.674
1fto,1m5e,257,432.527
1fto,1m5b,257,391.333
1fto,1m5e,257,415.827
1fto,1m5b,257,362.963
1fto,1ftl,257,36.0707
1fto,1ftj,257,395.814
1fto,1ftm,257,406.406
1mqg,1mqg,259,29.2692
2cmo,2cmo,257,492.513
1fto,1mm7,257,385.249
1fto,1ftj,257,306.523
1fto,1mm7,257,341.546
1fto,1m5c,257,274.168
1fto,1m5e,257,420.354
1fto,1m5b,257,404.105
1fto,1ftm,257,411.871
1fto,1ftl,257,10.5062
1fto,1ftj,257,393.773
1fto,1mqg,257,254.99
1fto,1my4,257,325.178
1fto,1my4,257,333.273
1fto,1mqi,257,216.781
1ftj,1fto,257,272.594
1s7y,4h8i,251,545.615
1s7y,4h8i,251,49.8924
1fto,3b7d,257,38.4445
1fto,3b7d,257,63.2574
1fto,1ftm,257,321.025
1tt1,1s50,251,12.5537
1tt1,1s7y,251,12.2869
1ftj,1ftl,257,246.976
1fto,1ftm,257,388.19
1fto,3b7d,257,63.8003
1fto,3b7d,257,38.9354
1fto,3b7d,257,63.5122
1fto,3b7d,257,39.2029
1fto,3b7d,257,64.496
1fto,3b7d,257,38.8395
1ftj,1fto,257,393.773
1my3,1fto,257,358.551
1fto,1fto,257,16.0749
1fw0,1ftj,258,53.7587
1ftm,1my4,258,14.7213
2cmo,1n0t,257,395.511
4kpt,6fxg,223,946.59
4la9,6fxg,225,992.972
4kpt,6fxg,223,972.149
4kpt,4la9,223,3.22155
1ggg,1wdn,220,2028.33
1wdn,1ggg,220,2012.38
6r4e,6r4e,656,50.7545
1ecc,1ecf,492,3617.99
1nyl,1o0b,523,162.672
1nyl,1o0c,523,165.694
1nyl,1gtr,523,172.348
1nyl,1qtq,523,162.636
1euy,1nyl,523,156.912
1g59,1gln,468,51.0123
1g59,1gln,468,51.0123
1n77,1n75,468,40.9584
4ai6,4ai6,2650,123.244
1m0w,1m0t,448,2803.16
1dc6,1gad,328,12.3015
5jyf,5jy6,324,34.4925
3lc7,3lc2,333,39.2232
1coz,1n1d,126,31.4969
1jqa,1jq5,361,127.166
1glj,1glj,494,48.7014
2p3r,2p3r,499,278.752
1bwf,1bwf,494,41.8393
2p3r,2p3r,499,296.873
2b4l,2b4m,264,46.4864
3ppo,3ppn,270,263.051
3ppn,3ppp,270,256.405
1bhj,1nbh,292,349.591
3jad,3jae,337,46.8203
3jae,3jaf,338,15.8102
3jad,3jae,337,46.8255
3jaf,3jad,337,86.8908
3jad,3jae,337,46.8193
1gpb,1gpa,819,293.916
1gpa,8gpb,825,317.792
9gpb,1gpb,814,270.409
1gpa,8gpb,826,353.217
1gpb,1gpa,819,311.574
1gpb,1gpa,818,291.156
1gpb,1gpa,819,293.916
3nb0,4kq1,638,331.218
5e9t,5e9u,497,230.81
1pnv,1pnv,382,197.805
1pn3,1pn3,384,208.052
4rie,4rif,349,161.85
2pme,2zt6,512,355.58
2pme,2zt5,512,389.821
2pme,2zt7,512,368.756
2gcg,2wwr,315,8.73198
2wwr,2gcg,315,9.18992
2wwr,2wwr,313,50.8086
2gcg,2wwr,315,16.0698
2gcg,2wwr,315,7.43962
2gcg,2wwr,313,17.7923
3syq,3syp,292,54.4496
1xck,1aon,524,58028.9
2c7e,2c7e,525,2908.85
1aon,1aon,524,48024.3
1aon,1aon,524,48088.4
1aon,1aon,524,48762.7
1kp8,1kp8,525,231.9
1gr5,2c7e,517,5242.15
1ss8,1sx3,524,54.5984
1gri,1fyr,95,768.916
1fyr,1fyr,95,2.89515
1fyr,2h5k,95,6.92238
4kqm,4kqm,638,523.396
3cb4,3cb4,525,21.3478
3cb4,3cb4,525,24.9492
2b18,2gx5,155,941.143
1agr,1gp2,344,192.913
3sn6,1azt,320,3068.74
2f3t,2f3t,201,106.137
1s96,2an9,199,358.331
1s96,2f3r,195,383.255
2anb,2f3t,201,760.2
1ex6,1gky,186,1025.29
1s96,2f3r,195,383.649
1s96,2anb,200,508.97
1s96,2anb,199,542.267
1s96,2an9,199,370.616
1ex6,1ex7,186,1012.68
4prv,4pu9,369,9.41776
4qjb,4qjb,267,447.019
3o8b,3o8r,645,107.211
1do0,1do0,406,277.419
1do0,1do0,406,1019.02
1do0,1do0,406,996.189
5ggr,5ggq,203,83.868
1pjr,2pjr,521,2970.62
1pjr,3pjr,620,43981.9
2pjr,3pjr,540,528.429
1je5,1je5,171,31.7104
1htm,3hmg,114,22096.2
1hgf,1htm,114,22215
1htm,2viu,123,30032.6
1htm,3hmg,123,29861.7
1htm,3hmg,123,31943.8
1ken,1htm,123,31936.2
1ken,1htm,114,22162.5
1irm,1ix3,193,103.994
3nu1,3md9,253,25.1731
1abw,1aby,283,10.1332
1jmj,1jmo,397,1288.33
3eas,3eaq,205,13.7486
3eas,3eaq,206,30.3242
3eas,3eaq,209,121.944
2e2o,2e2q,297,30.7681
2e2n,2e2o,298,357.053
3o4w,3o6w,467,82.456
2e2n,2e2q,297,420.861
2prs,2ps9,261,208.815
2ps3,2prs,263,215.403
2ps3,2ps0,264,209.142
2prs,2ps0,263,244.806
2ps3,2ps0,262,219.213
1hia,1bx7,48,15.4037
4u7n,4u7o,206,384.974
4uy5,4uy6,317,205.692
3cq5,3cq6,363,3.26087
3cq4,3cq5,348,96.4354
3cq4,3cq6,347,97.1958
1kx5,1kx5,135,506.759
1hsi,1hsh,99,30.6379
3rl1,3rl2,274,50.0947
1ebf,1ebf,358,46.7152
2ejw,6a0s,331,132.781
1rku,1rkv,206,103.8
1kq1,1kq2,60,1.74335
4l7z,4l80,343,101.295
4l7z,4l80,343,41.1358
4l7z,4l80,341,68.3847
4l7z,4l80,341,80.9388
4l7z,4l80,343,72.1494
1q14,1q1a,267,196.972
2f97,2f78,216,76.4476
2f7a,2f7a,213,93.736
2f7b,2f7c,214,17.6307
4wls,4wlw,108,17.31
3gn5,3o9x,132,514.405
3eiw,3li2,288,219.304
1hcl,3py1,294,528.908
6bmn,6bmn,287,6.72769
6bml,6bml,291,4.02088
1dlo,1dlo,415,7648.46
1dlo,1bqm,556,6293.89
1dlo,2hmi,556,6314.59
1bm0,1e7h,578,64.8529
1bm0,8ey5,578,56.0635
1bj5,1bm0,578,62.9416
1bj5,1ao6,578,59.489
6g1d,6g1d,310,606.931
3ba1,3baz,311,10.3575
1nxu,1s20,317,324.881
1oj7,1oj7,390,118.845
1v71,2zr8,318,358.984
1wtc,2zr8,318,330.892
2fsj,2fsk,311,15.6489
2fsj,2fsn,305,38.268
1jt0,1jup,186,262.738
1jt0,1jus,184,267.563
1jt0,1jum,186,281.868
1jt0,1jt6,186,258.391
1jt0,1rkw,186,252.028
1jt0,1jtx,186,266.036
1jt0,1rpw,186,36.1349
1jt0,1jum,186,267.295
1jum,1jt0,185,259.452
1jt0,1jus,184,275.051
1jty,1jt0,186,277.371
1jt0,2dtz,186,260.14
1gz0,1gz0,236,40.9058
1z7g,1hmp,204,275.823
1mkm,1mkm,246,1244.23
4j4p,1o0v,316,1041.15
1q0x,1q0y,208,0.608051
1ggc,1ggi,211,3.43354
1hil,1him,211,10.5725
1igt,1igt,437,5300.88
1igt,1igt,214,10.9439
3ay4,2dts,210,9.113
3ay4,4w4o,212,69.7643
1i1c,1i1a,205,70.5233
2a6i,2a6j,214,8.99265
4d3d,4d3f,285,4.39382
5g6r,5g6s,288,25.2977
2mcg,2mcg,215,922.354
1o0v,4j4p,314,1329.09
2vis,1gig,210,107.803
1jvk,1jvk,214,603.841
2bku,2bpt,856,134.787
1ukl,1ukl,876,466.423
5tbk,6bvz,415,71.6375
6bvz,6wx8,414,23.2133
3lww,3lww,871,194.151
3quq,3qu2,221,63.9793
3d63,3gvf,173,1226.59
1i40,1i6t,175,8.52055
3quq,3qx7,224,144.742
2car,2j4e,194,83.5657
3nt2,3mz0,331,3.62707
3nt2,3mz0,331,8.02512
2czk,2czh,247,43.2654
6jk8,6jk8,794,24436.7
7s0q,7xgd,575,5051.03
7u23,7v3p,661,17222.2
1lbh,1efa,268,51.8068
1lbh,1lbh,296,27.5935
1lbh,1lbh,296,11.3404
1tye,1jv2,380,11187.7
3fcs,3fcu,455,28462.9
1d9c,1d9g,121,10.8993
2a1a,2a19,203,20.3997
2a1a,2a19,263,8.71499
1itb,1g0y,310,4170.92
4jzj,4jzj,246,166.166
6lsu,6lst,647,1164.63
1a74,1evx,162,18.9005
2f35,1txf,248,635.199
2f35,1vso,242,39.6349
2f35,2pbw,248,315.429
2qs1,2f36,250,479.617
2qs3,2f36,250,632.351
2qs2,2f36,250,657.419
2qs4,2f36,253,561.208
2f34,3c32,251,314.034
2f34,3c32,251,306.453
2f35,3c32,251,344.401
2f35,3c32,251,352.152
2f35,3c31,251,341.096
2f35,3c31,251,335.284
2f35,3c33,251,347.582
2f35,3c33,251,352.11
2f35,3c34,251,349.671
2f35,3c34,251,352.506
2f35,3c35,251,347.575
2f35,3c35,251,334.673
2f35,3c36,251,345.382
2f35,3c36,251,336.757
2f35,2wky,251,376.457
2f35,3gba,251,589.622
2f35,3gba,251,597.928
2f35,3gba,247,580.917
2f35,3gbb,251,571.527
2f35,2qs4,251,59.2046
2f35,2qs1,251,19.5631
2f35,2wky,251,377.134
2f35,2pbw,251,315.387
2f35,3gba,248,574.025
2f35,3gbb,251,488.877
2f35,2qs1,251,18.7848
2qs1,2qs2,251,17.7168
4elo,4elr,308,432.77
1q35,1si1,315,263.466
1si0,1si1,316,324.603
1q35,1si0,315,42.5988
1kmp,1kmo,633,1055.87
1pnz,1kmp,633,1049.19
2pt2,2pt1,316,94.2048
2why,2wi8,281,27.0411
1d9v,1mrp,309,548.052
1d9v,1mrp,309,548.052
3log,6za4,429,145.141
1sjs,4icd,413,554.351
1sjs,4aj3,415,943.478
1sjs,9icd,414,575.527
4ajr,4ajs,415,104.826
1sjs,3icd,414,550.01
2qfx,2qfw,407,79.4763
1t0l,1t09,414,3407.61
3inm,3map,393,2052.4
1qu3,1ffy,880,436.393
2gf7,2gfa,109,148.652
2ot8,2ot8,808,188.153
3b3l,3b3l,296,212.36
3nbv,3nbv,296,238.499
3ulk,1yrl,486,35.2118
6kpa,6kph,328,13.6031
2ofp,2ofp,293,4.45316
1bg2,1mkj,311,96.1825
1q0b,1ii6,330,240.979
2qks,2qks,287,96.3785
7ysw,7ysu,921,96.7315
7ysh,5w21,917,166.401
7ysw,5w21,917,259.255
4j90,4j91,205,16.5681
1l8l,1l8o,222,183.567
1efa,1efa,328,1.06465
1lbi,1lbi,296,18.9786
1pjb,1pjc,361,91.6247
2fm1,2fm1,342,6.11037
3ktq,4ktq,538,1949.38
1uln,1uha,82,0.933568
1uha,1ulm,82,0.492364
1yqy,1pwv,495,744.992
1yqy,1jky,512,1449.15
1j7n,1yqy,487,602.486
1g0x,1p7q,183,151.577
1h3n,1obc,811,18.0395
1z15,1z17,344,3763.07
1z15,1z16,344,3674.15
1z15,1z18,344,3777.38
1ygu,1ygu,557,51.4649
5ggr,5ggq,211,94.841
5ysb,5ysf,386,420.951
5ysb,5yse,386,512.205
5ysb,5ysd,386,445.607
6mfz,5es5,683,177.916
6mfz,6mfz,585,1.21712
1trh,1lpm,534,2683.75
1crl,1trh,534,2644.52
2es4,2es4,267,31.0386
5n7z,6y6i,357,1.31833
6y6g,6y6i,357,3.18615
5n7z,5n80,357,1.42334
2h1h,2gt1,322,10.2876
2h1h,2gt1,315,18.9773
2gt1,2h1f,300,9.15297
8adh,2ohx,374,78.6241
8adh,6adh,374,78.1865
6adh,8adh,374,78.1865
6adh,7adh,374,92.4257
1a71,1a72,374,59.2726
2v6m,2v7p,305,298.116
1bjm,1bjm,215,1434.48
3bjl,1bjm,215,1841.17
3bjl,3bjl,215,1860.54
4bjl,1bjm,215,23.5674
4bjl,4bjl,215,835.918
1ult,1v25,477,1702.34
1ult,1v26,489,3468.83
1ult,1v25,490,3536.76
1ba3,1lci,523,6.87583
1lci,1ba3,523,6.87583
4ava,4avb,319,5781.23
2lao,1laf,238,1840.94
2lao,1lst,238,1865.08
2lao,1lst,238,1865.08
1lah,2lao,238,1892.36
1laf,2lao,238,1840.94
1lag,2lao,238,1868.36
1lst,2lao,238,1865.08
2j0x,2j0w,447,319.809
2dw4,2uxn,633,417.284
2dw4,2iw5,634,421.903
2uxx,2z5u,642,546.345
1jse,1lzy,129,0.623097
150l,150l,162,3.58561
1l96,1l97,162,98.4294
150l,150l,162,48.8737
150l,150l,162,67.4738
150l,150l,162,89.9325
3fxq,3fzj,296,0.300226
5ae5,5ae5,285,941.72
1ixc,1iz1,282,6.64024
1iz1,1iz1,292,123.109
1ldm,6ldh,329,426.547
1kwh,1j1n,492,1598.58
1go4,1go4,87,62.773
4p0u,4p0e,188,29.884
4p0u,4p0e,186,32.0775
1ok8,1oke,380,506.199
1ok8,1oan,380,379.239
3hak,3hj5,102,2046.66
3hak,3haf,101,1111.64
3hak,3hj5,101,1462.21
3hl0,3hl0,339,19.11
3mbp,1jw4,370,1382.32
1lls,3mbp,370,1362.49
1lls,1anf,370,1430.57
2gha,2ghb,372,2951.46
2gha,2ghb,372,2585.04
2gha,2ghb,373,2714.43
1nl5,1peb,366,1440.26
5edu,5edu,718,16.3113
6dtt,6dts,373,2741.62
6dtq,6dtr,391,1515.35
2xd2,2xd3,375,957.53
3rlf,3pv0,370,210.982
1q12,1q1b,367,85.4198
1q1e,1q12,367,630.202
1q1e,1q1b,367,473.77
1q12,2awo,294,31.0082
1g29,1g29,372,610.068
2r6g,3puz,481,470.232
2r6g,3pv0,482,652.172
2r6g,3fh6,306,269.614
5hx7,5jpd,274,26.4858
5hx7,5i4k,274,26.3448
1k23,1wpm,302,676.925
1k23,1k23,302,31.6712
1lj8,1m2w,481,10.6911
1lj8,1m2w,481,14.6235
2x65,2x5s,333,186.057
1nxk,1ny3,264,58.454
1dcl,1dcl,216,886.672
1ckl,1ckl,126,14.8156
5kzq,5kzn,500,1014.18
6n52,6n51,766,2804.05
6n52,6n51,766,2804.06
3mq4,5c5c,381,897.24
1ewt,1isr,448,1477.83
1ewk,1ewk,448,3276.18
1iss,1ewk,448,1798.81
2e4u,2e4y,512,12.7861
1ewk,1ewt,449,538.793
1ewk,1ewt,448,1420.65
1ewk,1ewt,449,148.687
2e4u,2e4u,512,11.3544
1ewt,1ewt,456,354.311
1ewv,1ewv,448,2217.6
1ewv,1ewk,448,3150.48
1ewv,1ewk,448,314.352
1ewt,1ewv,448,1338.74
1ewt,1ewv,448,318.8
4xar,6b7h,440,19.5414
1iss,1ewv,448,1698.76
1iss,1ewv,448,389.84
1isr,1ewk,448,3412.21
1ewk,1ewt,448,2522.1
4xar,5cnm,423,2441.33
1ewt,1iss,452,191.693
3hwk,3hwk,364,27.6015
1dib,1a4i,285,121.993
1lu9,1lua,287,6.78139
2xij,2xiq,710,502.428
5f8c,5f8f,350,61.0708
5f8c,5f8e,349,116.226
4kif,4kic,334,123.4
2yvy,2yvz,244,243.518
1vac,2mha,270,26.1508
1akj,2clr,275,9.8983
2v1t,2v1s,65,3.35613
3lfb,3gcp,331,46.3789
3lfb,3iw5,333,36.0588
1wfc,3e93,339,46.8391
1kmz,1kll,122,1660.59
2onk,2onk,240,0.139113
1h9k,1h9m,141,6.42803
1mdt,1ddt,523,4626.49
1mdt,1ddt,523,4626.49
1ckm,1ckm,317,203.595
1ckm,1ckn,316,186.028
1cko,1ckm,317,321.413
1st0,1st0,297,314.603
3nm4,3nm5,229,2.28339
1nc1,1jys,226,66.8536
1jys,1nc3,226,71.285
1vf7,1t5e,231,75.4174
5h3r,3vod,136,367.001
2azo,2azo,218,65.2738
1b63,1bkn,272,1730.77
1r2y,1r2z,273,0.99958
1br2,1br1,673,21.2647
1br1,1br1,148,0.536324
1br1,1br1,787,0.301714
1br2,1br1,673,22.2901
1br1,1br1,787,0.257695
1br1,1br1,148,5.81031
1br4,1br1,148,5.91258
1br2,1br4,673,19.0125
1br1,1br1,148,0.159307
1br1,1br1,787,0.107758
1b7t,1dfk,720,331.287
1dfl,1sr6,771,928.985
1dfl,1kk7,767,890.869
1dfk,1dfl,724,767.646
3i5h,3i5f,807,1671
1qvi,1sr6,800,982.107
1qvi,1kk7,793,923.969
1kk8,1qvi,785,895.601
1m46,1n2d,147,152.495
1oe9,1w7j,129,10.0899
1kk8,1qvi,139,13.3083
1w7j,1oe9,726,1346.35
2a38,2a38,194,461.459
2f8v,2a38,191,880.63
2a2c,2a2d,446,10.2922
1hm0,1hm9,440,378.634
1r37,1jvb,339,209.719
3gls,3glu,272,138.39
3gls,3glt,273,439.195
3gls,3glt,274,486.899
3glu,3gls,273,49.4442
3gls,3glr,272,165.539
3gls,3glt,272,489.63
2b4y,3riy,257,81.0727
3k35,3zg6,274,32.7933
3wmx,3wmx,308,43.9189
3wmx,3wmw,277,18.1319
3wmx,3wmw,277,8.97265
3wmx,3wmx,308,3.34304
2nad,2nac,374,231.17
2nac,2nad,374,151.581
2nac,2nac,374,7.37042
2nad,2nac,374,223.301
2nac,2nad,374,157.177
1qr6,1efk,537,157.174
1vk6,2gb5,249,10.2236
2b0t,3mbc,735,859.398
1itw,1j1w,738,674.57
2b0t,3mbc,735,16.9137
1xx5,1xx5,212,10.667
3n5f,3n5f,406,186.367
3g79,3g79,475,31.4702
3tsa,3uyk,369,0.577295
2wim,2wim,263,6.54829
5yhg,5yh5,503,1729.27
5yh8,5yh5,503,1744.67
1uiu,1uiv,496,415.011
1zlq,1zlq,498,14.8552
1l7d,2oo5,354,111.356
2g95,2g97,452,252.996
2g95,2g96,452,261.55
2g95,2g96,452,239.993
2g95,2g97,452,240.329
2g95,2g97,455,188.611
6buv,4ybr,186,464.719
4oer,4oes,498,754.813
1rnl,1je8,59,4.99843
1rnl,1je8,59,4.96892
1a04,1zg5,63,5.03937
1a04,1a04,205,5.89362
1a04,1je8,63,4.54367
1a04,1zg5,63,5.24241
1df1,1df1,420,20.0535
2eyt,2eys,202,16.3119
5v3h,4ynd,428,75.4957
1pb7,4kcc,274,531.307
1pb7,1y1m,271,285.989
1pbq,1pbq,265,27.0256
1pb7,4nf4,272,692.794
1pbq,1pb7,266,600.374
1pb7,1pbq,274,564.663
1pb7,1y1m,264,279.607
2hhc,3six,289,6.75786
4pow,4p0i,253,1690.8
1owr,1pzu,276,377.177
2az1,2az3,146,10.4069
2cwk,2dxe,153,5.95152
1jxv,2hvd,149,9.4653
1s59,1s59,149,11.4383
1fcj,1fcj,304,17.8496
1fcj,1fcj,302,119.802
1fcj,1oas,302,108.663
5ore,5org,256,1095.62
1ttt,1ob5,400,55.8576
1vr5,4pft,526,710.608
1vr5,4pfy,526,773.093
1rkm,1qka,517,882.823
2rkm,1rkm,517,907.808
1rkm,2rkm,517,907.808
3drf,3drk,539,1725.13
3drf,3rya,539,26.1845
3drf,3fto,526,1532.07
3drf,3dri,539,1733.86
3drf,3drh,539,1723.66
3drf,3drj,539,1858.67
3i58,3i53,303,144.397
3i53,3i53,303,140.709
6clw,6clx,332,72.1217
6i70,6i72,351,108.724
6i5q,6i6k,342,111.839
2pry,2ps1,215,284.386
2pry,2prz,212,200.628
1eix,1l2u,222,31.3361
2yyt,2yyu,215,17.7858
1l2u,1eix,222,57.2874
2czd,2cze,206,194.39
2f84,2q8z,323,906.553
1sw1,1sw5,265,2975.36
1sw2,1sw5,270,3192.51
1sw4,1sw5,270,3087.84
1aov,1dot,686,6407.87
4x6g,4x6g,290,177.841
4x6g,4x6g,295,22.2888
4x6g,4x6g,289,176.502
2j0i,2q0n,289,37.4961
1nkr,1im9,195,48.906
4dg8,4dg9,491,89.9156
3ag5,3ag6,278,87.0713
3ag5,3ag6,279,87.895
3ag5,3ag6,279,94.6339
3ag5,3ag6,278,82.7248
3cov,3ivc,277,8.90011
1mwk,1mwm,316,286.738
1mwm,1mwk,310,292.598
1pjr,3pjr,620,43981.9
2v8i,2v8j,535,850.018
4n58,4n59,257,162.524
2olu,2olv,591,674.307
3app,2web,323,33.3906
6hqv,6hqv,1499,355.704
4gf8,4gfr,528,6307.03
1pin,1nmv,153,981.996
4odo,4odo,150,129.379
4odo,4odo,153,139.874
4odl,4odm,149,128.913
4odk,4odm,146,85.8861
4odm,4odm,149,90.8023
4odm,4odm,149,356.832
4odl,4odo,150,90.4829
4odk,4odo,147,56.3961
4odl,4odn,150,299.235
4odl,4odn,150,391.257
4odl,4odk,147,59.8676
4odl,4odl,150,35.9635
4odl,4odm,149,295.852
4odl,4odo,150,208.564
4odl,4odo,150,78.9429
4odl,4odo,150,294.663
4odl,4odk,147,22.654
4odm,4odn,149,216.809
4odm,4odo,149,266.963
4odn,4odo,150,121.919
4odm,4odo,149,57.8814
4odl,4odo,150,212.992
4odm,4odo,149,155.036
4odm,4odm,150,474.218
4odm,4odm,150,38.0209
4odm,4odm,149,25.8113
4odk,4odn,147,167.768
4odk,4odo,152,44.82
4odm,4odm,150,711.926
4odk,4odo,150,148.602
4odn,4odo,150,147.997
4odn,4odo,150,160.458
4odo,4odo,150,162.251
4odl,4odo,150,90.7289
1pfo,1m3i,465,355.459
1pfo,1m3i,465,78.5672
5gj3,5y8b,263,27.1865
5xss,5xsj,273,14.7734
6q1c,6q1d,259,142.508
2voz,2vp1,313,268.231
6dqr,6dqq,515,9.06285
3tcf,3tch,517,2753.16
1rkm,2rkm,517,907.808
1b0h,1rkm,517,826.499
1rkm,1jet,517,864.021
6dqr,6dqt,515,7.93828
6dqr,6dtg,515,9.7757
1b6h,1rkm,517,888.9
2vpo,3gyy,303,441.222
2vpn,3gyy,303,457.655
1foh,1foh,648,10441.3
1foh,1foh,649,10413.3
3qov,3qov,401,1894.37
1mmk,1j8u,307,195.459
1j8u,1kw0,307,210.773
2pah,2pah,322,44.3939
3p7i,3qk6,290,8.07414
2i55,2i54,242,27.7916
1qzt,2af3,331,181.364
4omb,4pqj,269,15.0258
4exl,4lat,260,263.213
1vr6,1rzm,338,1469.8
1vr6,1vr6,338,7.54739
1y50,1y51,87,209.239
1yvy,1ytm,507,163.261
2rka,2qf2,608,149.813
3dt7,3dt7,611,21.8269
2qew,2qey,610,8.27614
1jqo,1jqo,904,234.284
2hwg,1zym,242,3413.76
2hwg,1zym,242,2868.76
1pfk,1pfk,320,15.976
2fuv,2fuv,535,12.4349
1kfi,1kfi,570,7.47999
1kfq,1kfi,570,37.6658
3i3w,3i3w,433,11.251
6gyz,6gyz,446,15.3515
3pdk,3pdk,444,72.0606
1hm5,1dqr,555,69.4801
1dqr,1hox,555,11.7565
2xe7,2wzb,403,273.777
3c3b,2zgv,402,35.878
2xe6,2wzb,403,370.748
6k7n,6k7l,963,16527.1
6k7l,6k7m,963,1033.31
7vsh,6lkn,1018,24878.1
1k2y,1p5g,454,24.3626
1k35,2fkm,445,11.7117
1k35,2fkf,446,3.75285
1k35,1k2y,446,13.5345
1k35,1pcm,446,9.06669
1k2y,1p5d,454,24.9152
1k35,1pcj,446,9.64986
1k35,1p5d,446,9.67591
1k35,1p5g,446,9.75531
1fez,1fez,256,254.224
3twz,3tx0,389,667.992
1l7o,1l7p,206,125.834
1lf4,1xdh,323,6.9155
5jol,5joj,82,759.929
3alp,3alp,301,6.67728
1hqe,1hqu,554,7093.17
3ttm,3ttk,340,1698.97
3ttl,3ttn,330,1214.04
2hhp,2o1p,508,67.003
1q78,1q79,467,8.89521
4ud4,4ud4,316,847.206
4ud5,4ud4,320,83.3671
4e8f,4e8f,318,1580.6
4e7x,4e8f,319,7.44898
2oh2,6cst,428,107.121
1t94,2oh2,377,1498.01
2oh2,4u6p,428,148.088
1t94,6cst,377,1378.33
2i69,2hg0,400,385.25
2x7q,2x7p,304,247.374
2wlo,2wlm,271,11.1318
5u6p,5u6o,482,104.565
6gyo,6gyn,495,263.368
2xzb,2yn9,971,1044.19
1gud,1gud,288,141.929
1rpj,1gud,288,1401.61
1rpj,1gud,288,737.039
3c4v,3c48,385,3750.6
3c48,3c4v,382,3950.99
3c48,3c4v,384,3672.46
3c48,3c4q,382,3945.99
3c48,3c4v,381,3864.56
5lta,5ltk,698,294.629
1nkt,1nkt,836,46.1438
2ipc,2ipc,939,119.554
1m6n,1tf2,771,29624.2
1m6n,3dl8,773,65604.6
1m6n,3dl8,773,65604.5
1tf5,3jv2,758,1162.99
2ibm,3jv2,758,23821.9
1tf5,1m6n,774,29230.3
2gtg,1sn6,78,992.99
2dob,4ddj,77,2902.03
5zix,5zix,303,23.7983
5zik,5zix,303,12.433
5zik,6k1r,303,10.7829
5zik,6k1r,303,20.8431
5zik,6k1r,303,27.4879
5zix,6k1r,303,23.7372
2hmf,3c20,464,121.193
3c20,3c1m,465,109.319
3c1n,3c20,458,31.8564
3c1m,3c1n,458,101.585
2hmf,3c1n,458,100.675
2hmf,3c20,464,109.786
2hyi,2hxy,376,5852.18
2hyi,2hxy,376,5084.39
2hxy,2hxy,376,5.02057
1x9j,1x9j,371,20.8474
1x9j,1saz,361,31.2328
1x9j,1x9j,373,127.068
1i74,1i74,304,23.2662
5o2k,5o2j,259,2665.91
3fzv,3fzv,266,241.142
3rd3,4l62,187,47.046
3fzv,3fzv,274,240.884
4fx0,4fx4,124,74.2378
5jdr,3bik,208,236.776
2oev,4jjy,334,40109.8
4r60,4r60,397,9.43114
1zme,1zme,70,66.9339
3khy,3khy,373,21.1421
1dqy,1dqz,280,819.337
1cf1,4j2q,340,233.984
1cf1,4j2q,346,237.502
1cf1,4j2q,340,234.188
1cf1,4j2q,346,244.118
1fak,1qfk,95,282.073
3bmp,2h62,103,87.0858
3d0q,3oti,369,178.574
3oti,3d0q,369,190.452
3d0r,3oti,378,117.54
3d0r,3oti,378,192.652
1b38,1aq1,277,9.19539
2b5e,3boa,481,1863.25
4ekz,4el1,447,273.645
1a35,1ej9,471,28.5184
1ks2,1ks2,212,26.8622
1dt9,3e1y,380,4091.87
1kv3,2q3z,619,2082.89
1bmb,1fyr,97,775.55
1do2,1do2,407,943.056
2cex,2cey,300,46.0935
2cex,3b50,305,11.7055
2cey,2cex,304,25.988
2cex,2wyk,304,1300.07
2cex,3b50,304,1296.8
2cex,2cex,304,1071.31
2cey,2cex,305,772.964
1lp4,1m2p,325,7.60117
1lar,1lar,533,3.97043
2b3t,1t43,274,60.9218
1pkl,1pkl,489,313.178
3hqp,3hqq,498,3054.35
1pkl,1pkl,489,449.525
1pkl,1pkl,489,373.002
1xdu,1xds,323,282.402
1rkd,1rk2,305,23.0456
1rkd,1gqt,305,20.9396
1b3r,1k0u,428,227.938
1psz,3zk7,278,40.8364
3zk7,3ztt,278,53.4044
2grx,1ihr,71,1665.06
2gsk,1ihr,69,1754.48
4ys0,3jux,809,567.513
3jv2,1m6n,758,24305.8
3jv2,3dl8,757,18881.9
1huf,1k46,123,965.714
3uag,1eeh,426,378.64
3uag,1e0d,423,35.306
4hfi,4hfi,311,10.6412
4hfi,4npq,311,60.7872
2cbl,1b47,304,52.6608
2cbl,1b47,304,44.7281
1xqz,1yxt,274,18.55
1opk,2abl,155,145.317
1opl,1opl,365,3941.88
3bkb,3cbl,353,53.9272
3bkb,4e93,357,36.0171
3bkb,3cd3,349,49.2647
1yi6,1fmk,260,125.262
1y57,2src,449,3185.83
1y57,1fmk,437,2585.34
1y57,2src,449,3185.83
1g1s,1g1q,158,133.738
2ddb,2epf,207,18.6702
2ddb,2ddb,207,2.50419
6j7j,6j7l,373,26.3798
1ezm,1u4g,298,17.9648
1ezm,1u4g,298,17.9648
1ezm,3dbk,298,16.6039
2yoc,2yoc,1029,466.272
1m8y,1m8z,339,11.4728
1wet,1dbq,275,168.801
5za4,5yyb,478,1090.23
5za4,5z99,485,1129.92
2yln,3zsf,237,2504.46
3d2m,3d2p,416,1745.31
6aal,6aal,234,320.142
2ahw,2ahu,502,14.9654
2ahu,2ahw,478,9.31339
2ahw,2ahu,502,17.6148
2ahu,2ahv,502,14.0359
2ahw,2ahu,502,11.0944
2ahw,2ahu,502,6.38817
2ahw,2ahu,502,3.96522
2ahv,2ahu,502,10.5181
2ahu,2ahv,502,15.8366
2ahw,2ahu,502,3.06806
2ahw,2ahu,502,7.6398
2ahv,2ahu,502,9.58858
2ahv,2ahu,502,4.92029
2ahu,2ahv,502,10.9006
2ahw,2ahu,502,12.0709
2ahu,2ahv,502,7.90413
2ahu,2ahw,478,11.167
4hss,4hss,390,66.6614
6tmu,6tmt,545,6708.35
5b58,5y89,265,205.633
1y9u,2owt,314,432.492
3be5,3be6,287,35.9741
3be5,3be6,287,15.5849
3be5,3be6,289,36.663
3be5,3be5,289,38.0275
3be5,3be6,289,6.88506
3be5,3be6,287,3.66368
3be5,3be5,289,6.64289
3be5,3be5,289,22.5445
1y4t,3e13,317,4.20523
6g44,6g45,503,25.79
4fdt,4fdu,396,10.4898
4fdt,4fdu,395,45.0006
4fdt,4fdu,395,32.4442
4oet,4oev,494,639.502
4oet,4oeu,493,626.452
5lq5,5lq8,272,9.24407
2ahr,2ahr,251,1.17114
2y30,3zql,221,243.89
3vxb,3vxc,398,1372.77
6gq0,6guq,278,46.8637
6gq0,6gt9,280,81.3227
1pvu,1eyu,153,82.8524
1pvu,1pvi,154,79.365
1pvu,1pvi,154,79.479
1pvu,1eyu,154,81.7011
5wsb,5wrp,471,472.639
4ks0,4krz,461,720.287
3hqn,3hqp,493,3190.36
3hqn,3hqo,490,3518.65
3hqn,3hqo,490,1310.6
3hqn,3hqo,490,1300.79
3hqn,3hqo,491,3420.45
3hqn,3hqo,491,1246.09
3hqn,3hqo,491,1255.28
3hqn,3hqo,490,3500.1
3hqn,3hqo,491,3402.29
3hqp,3hqq,498,3009.28
3hqp,3hqq,498,3141.42
3hqp,3hqq,498,3100.13
3hqp,3hqq,498,2962.75
3hqp,3hqq,498,3011.58
3hqp,3hqq,498,3143.88
3hqp,3hqq,498,3102.51
3hqp,3hqq,498,2965.05
3hqp,3hqq,498,3139.14
3hqp,3hqq,498,3007
3hqp,3hqq,498,3097.87
3hqp,3hqq,498,2960.53
3hqp,3hqq,498,3144.92
3hqp,3hqq,498,3103.53
3hqp,3hqq,498,2966.07
3hqp,3hqq,498,3012.61
3hqp,3hqn,493,3141.31
3hqp,3hqn,493,3278.65
3hqp,3hqn,493,3233.98
3hqp,3hqn,493,3093.71
3hqp,3hqn,492,3060.32
3hqp,3hqn,492,3196.11
3hqp,3hqn,492,3155.93
3hqp,3hqn,492,3014.36
3hqn,3hqp,492,3110.57
1pkl,3hqq,491,379.973
1pkl,3hqp,491,3650.61
1pkl,1pkl,489,247.574
1e0t,1e0t,446,37.0464
1e0t,1e0t,446,51.0571
1pky,1pky,464,23.0339
1pky,1pky,464,28.6346
1pkl,1pkl,491,122.356
1e0t,1e0t,446,141.253
1pky,1pky,433,71.2595
5wrp,5ws8,464,479.695
5wrp,5ws9,471,487.889
5wrp,5wsa,471,423.626
5wrp,5wsa,471,492.665
5wrp,5ws9,471,605.597
5wrp,5wsb,471,693.573
5wrp,5wsb,471,531.523
5wrp,5ws9,378,64.7895
5wrp,5ws8,464,518.684
5wrp,5ws8,464,564.643
5wrp,5wsa,471,678.784
5wrp,5ws8,371,39.6533
5wrp,5ws9,471,411.026
1a49,1aqf,519,4444.22
1a49,1aqf,519,1103.98
1aqf,1aqf,519,1163.05
1aqf,1aqf,519,1217.16
4hyv,4hyv,498,1077.36
4fxj,4fxf,502,3954.29
1vbh,1vbg,862,25.8059
2bs4,1e7p,655,581.86
1ii8,3qku,140,75.6952
1a1k,1a1i,85,1.246
1nxq,1zk4,251,2.21257
2byv,3cf6,620,1166.92
2jjd,2jjd,540,1.85263
2jjd,2jjd,537,6.53516
2jjd,2jjd,537,6.86706
2jjd,2jjd,536,1.91054
2jjd,2jjd,536,3.2838
2jjd,2jjd,536,4.92988
2jjd,2jjd,541,1.31141
2jjd,2jjd,539,11.452
2jjd,2jjd,540,8.23628
2jjd,2jjd,540,10.2279
2jjd,2jjd,539,9.00042
2jjd,2jjd,540,4.79024
2jjd,2jjd,540,5.6801
2jjd,2jjd,539,3.54147
2jjd,2jjd,538,3.02521
3u2p,3u7u,479,486.081
2ahx,3u7u,548,1652.97
1en7,1e7d,157,21.324
5zz5,5zz5,155,16.8964
5zz5,5zz6,196,50.7486
3keo,3keq,195,14.4365
3keo,3keq,204,147.744
3keq,3keq,194,56.3547
3keq,3keo,196,9.03496
5zz5,5zz5,200,39.7294
5zz5,5zz5,183,131.14
5zz5,5zz5,182,130.542
3keo,3keq,204,169.621
3ket,3keq,195,61.9652
5zz6,5zz6,196,53.3333
5zz6,5zz6,187,71.4547
5zz6,5zz6,188,76.693
5zz7,5zz7,203,80.5065
5zz6,5zz6,201,99.9876
5zz6,5zz6,199,31.8114
5zz6,5zz6,188,13.369
3g56,3frq,179,12.1986
2gk7,2gjk,596,135.051
2xzo,2xzp,610,1763.17
4ua2,4ua1,111,190.906
2g26,2fs4,329,136.086
1s9h,1u0j,261,36.1247
2ahm,2ahm,190,18.135
1fgu,1jmc,238,256.698
1fgu,1jmc,230,304.335
2gxa,2gxa,270,12.0845
2gxa,2gxa,270,58.1454
2gxa,2v9p,262,123.964
2gxa,2v9p,262,48.5624
2gxa,2gxa,270,26.9923
2gxa,2gxa,270,25.7083
2gxa,2gxa,270,7.67081
2gxa,2gxa,270,53.9915
2gxa,2gxa,270,22.0456
4nmn,4nmn,407,1458.68
2r6c,2r6c,358,4836.52
4zmr,4hye,200,725.026
4zmr,4zms,207,0.64067
4zmr,4hye,200,514.201
4zmr,4zmr,200,7.03885
4zmr,4hye,200,40.3228
4zmr,4hye,200,41.2297
5xso,5xt2,201,19.4791
4gvp,4if4,208,57.7987
4gvp,4if4,208,58.1349
4gvp,4if4,208,59.5092
4gvp,4if4,208,56.5425
1na6,3hqg,189,121.294
3dle,3lak,401,1668.18
2vbt,2vbv,134,31.6957
1rka,1rks,305,72.3795
1rka,1gqt,305,53.1742
1rka,1rkd,305,79.4903
1rkd,1rka,305,79.4903
1jvu,1jvt,124,1.36163
1r5d,1tq9,122,29.482
1r5d,1tq9,122,10.3919
2r1r,5cns,732,721.334
5cns,5cns,732,1.66773
3l7o,3l7o,221,7.08223
2fn9,2fn9,280,93.1977
2nxn,3egv,250,357.579
1yl3,1rl6,164,58.2421
2dyi,3a1p,161,245.938
3a1p,2dyi,161,256.44
2oaa,2oa9,244,3935.3
1iw7,1iw7,229,245.158
1iw7,1iw7,229,340.597
1iw7,1iw7,229,29.644
4ilu,4kbm,144,3726.12
1iw7,1iw7,345,17.3884
2v9q,2v9r,197,44.8134
4c8v,4c9v,102,16.1688
5y2v,5y2w,208,300.74
2q99,2qrj,362,81.1139
2qrj,2qrl,365,94.0582
2qrj,2qrk,365,111.332
1b3r,1k0u,428,295.778
1ky4,1k0u,428,254.913
1b3r,1k0u,428,282.647
1b3r,1k0u,428,230.339
1k0u,1b3r,428,292.343
1k0u,1b3r,428,225.652
4lvc,4lvc,468,324.158
4d7k,4d7k,335,65.2861
4d7k,4d7k,335,48.9478
7wdq,7wdq,315,108.377
7wdq,7wdw,336,42.7294
7wdq,7wdw,316,124.071
1n69,1n69,78,104.021
1su4,1iwo,994,48391.3
1iwo,1su4,994,48391.3
1su4,1wpg,994,36011.3
1su4,2c9m,994,1440.83
1vfp,1iwo,994,7540.55
1su4,2c9m,994,2131.27
1su4,2zbd,994,55250.9
5a3r,2zbd,993,15546.4
2c9m,2c9m,994,1367.16
1su4,2c88,994,46544.9
1su4,1vfp,994,57229.6
1kju,1su4,994,34081.4
1t5t,2c8k,994,7758.81
1t5s,1su4,994,55590.1
3ugx,4j2q,332,236.802
7jsm,4j2q,340,241.642
1fvf,1fvf,543,2.77969
2qyu,2qza,605,98.4326
4biw,4bix,225,258.515
4biu,4biv,246,43.4439
4biu,4biu,249,1052.71
4biu,4biu,249,40.4761
4biv,4biv,263,1016.72
3w5a,3ar2,994,1819.51
3kql,3kqk,436,858.287
3kql,3kqu,437,88.2732
3com,3com,264,20.1135
3e7v,3fmd,328,41.6843
4jsn,4jsn,1054,6.73544
2cdz,2bva,270,44.4868
1yhv,2hy8,293,23.7633
2jak,2iae,326,217.106
1e78,1o9x,578,69.0691
1o9x,1ao6,578,59.1241
2bxp,1ao6,578,57.8113
1e7i,1ao6,578,60.5028
4emx,3uiv,580,58.7485
1n5u,1ao6,578,61.2075
1e78,1e7g,578,69.4869
3v08,4f5t,581,23.5436
1ao6,1e7a,578,17.5215
5ijf,1e7i,572,33.7901
1ao6,2bxg,578,16.4533
8ew4,1bm0,578,64.5716
1ao6,3b9m,578,59.0323
1a8e,1bp5,328,5560.34
1bp5,1a8e,328,5560.34
1a8e,1bp5,328,5308.65
1a8e,1bp5,328,5764.57
1a8e,1bp5,328,5370.34
3lsq,3lss,426,109.81
2cim,2cim,474,18.5225
2cj9,2cj9,476,39.9398
1set,1set,421,124.911
1sry,1set,421,130.491
1mt6,1n6c,259,6.77974
1wxd,2cy0,262,10.4895
1wxd,2d5c,261,51.9415
1nyt,1nyt,270,13.7456
2hk8,2hk9,264,101.92
3don,3doo,258,17.0046
2hk9,2hk9,266,21.8442
2hk8,2hk9,264,103.105
2iyw,2iyy,169,1193.27
2iyq,2iyr,161,122.732
2iyr,2iyy,167,142.246
2iyv,2iyy,169,1213.04
2iyq,2iyw,166,1253.31
2iyq,2iyr,164,118.286
2iyv,2iyw,178,1.49582
1u8a,1l4y,163,13.0743
2iyq,2iyv,166,1274.7
2iyw,2iyz,168,1180.7
2iyv,2iyz,168,1200.03
2iyr,2iyx,167,140.719
2xwv,2cey,306,963.507
3b50,2cey,306,977.317
1w8o,1w8n,601,2.84119
4qvg,4qvg,340,34.2308
4qvg,4u1q,340,219.982
5dh0,5dh1,277,152.32
5dh0,5dh2,274,45.4326
5dh0,5dh1,276,101.653
5dh0,5dh1,277,141.865
1qzw,1qzx,425,171.679
3deo,3dep,183,29.6937
2cnw,1ng1,290,145.516
1oxb,2r25,124,13.8535
1ii5,1iiw,221,5.78274
3kyc,3kyd,77,17.3654
5l7i,5l7d,563,910.321
4mfi,6r1b,393,500.775
5icg,5icf,323,388.492
7mgw,6dzz,537,197.568
7lia,7li8,539,367.983
1ext,1ext,156,12.3792
1ext,1ncf,142,12.702
4r6k,5z6b,393,1881.13
4zw9,4zwc,468,118.438
5ayn,5ayo,396,312.064
1bkd,2ii0,436,240.344
1bkd,1xd2,439,49.7831
1xd2,2ii0,463,433.077
4o8l,4o8l,168,50.0555
2qkm,2qkm,202,658.606
3i1a,3i0o,327,120.657
3i1a,3q2m,328,144.996
1u4q,1u4q,315,121.377
7sbl,7sbl,1077,27825
6vsb,6vsb,951,21355.4
6vsb,6vsb,943,18849
7r14,7r14,968,23728.7
7m8k,7m8k,1021,161.232
7jwy,6xm3,1038,552.058
7m8k,7m8k,1022,25255.5
7tgw,7tgw,1091,18980.1
7edg,7edg,991,24104.5
7edf,7edf,1006,25561.4
7lwt,7lwt,992,24175.7
7dk3,7dk3,1048,31998.2
7dk3,7dk3,1048,36661.8
6zgg,6vxx,965,26486
6vxx,6vsb,943,33.1339
6zgg,6zgg,1069,34458.4
6vxx,6zdh,972,52455.9
8iou,8iou,984,27359.2
6xm3,6xm3,1036,32969.2
7tf8,7to4,1038,21585.4
6acc,6acd,1057,31442.3
6vyb,6vyb,941,20650.5
6vyb,6vyb,953,113.999
2cmz,2cmz,409,110.261
2j6j,2cmz,409,38757.6
7lyn,7lyn,993,24788
6vyb,6vyb,936,24112.2
7tf8,7to4,1038,22575.1
7kxk,7r8m,964,71560.8
6vxx,6vsb,937,22438.2
8h3e,7m6h,998,2225.89
6ncq,4wii,250,18.5561
5wpa,4wii,224,188.156
4wii,4wii,244,21.6228
1q8y,1q8y,346,13.1554
6nei,6nej,334,203.462
2wb4,1w25,454,1117.02
1w25,2wb4,454,1020.56
1w25,2v0n,454,770.549
1w25,2v0n,454,679.879
1w25,2v0n,454,674.845
1w25,2v0n,454,869.928
2wb4,2v0n,458,58.8669
4d7s,4d7t,196,7.2616
6lu2,6lu3,477,873.369
2wdq,6c12,536,4054.69
1o9l,1o9l,421,16.2421
3dlx,3dlx,465,74.8404
3dlx,3dlx,465,113.399
3k6m,1ooy,462,181.092
3k6m,3k6m,461,224.218
2fpp,2fp4,393,32.6113
2fpi,2fp4,393,42.733
2fp4,5cae,392,41.2154
3czl,3czk,610,35.9512
1s2o,1tj5,244,714.027
3c6q,3c6q,305,933.092
2hq0,2i58,385,425.79
1tm2,1tjy,314,314.315
3kyc,3kyd,476,65573.5
1f3h,1f3h,135,2.51494
1a81,1a81,220,26.1299
1a81,1a81,220,25.6824
1a81,1a81,254,37.7395
1a81,1a81,220,17.4454
1l96,1l97,162,98.4294
209l,218l,162,457.182
1cez,1s76,813,66165.8
1h38,1s77,813,1188.97
1cez,1msw,843,78569.6
2jg1,2jg1,311,100.961
3c9i,3c9i,233,112.417
3c9i,3c9i,221,21.251
3c9i,3c9i,233,84.4445
3c9i,3c9i,222,113.192
3c9i,3c9i,221,77.4792
1tau,1cmw,787,7607.99
4x6l,4x6l,493,11.2116
5x2m,5x2m,427,28.1874
5x2m,5x2q,421,20.3462
6ks6,5gw5,543,13275
6ks6,5gw5,517,1148.31
6ks6,5gw5,521,3571.47
6ks6,5gw5,527,2698.03
6ks6,5gw5,512,1825.51
6ks6,5gw5,543,911.197
6ks6,5gw5,534,3311.46
6i0s,6i0t,344,34.1432
1vjy,1b6c,296,61.1005
1kei,1kjp,316,0.62068
1kei,1kkk,316,0.540946
1kei,1kjo,316,0.671645
1kei,1kr6,316,0.594415
8tln,1l3f,316,2.94447
1lnb,1l3f,316,2.7023
1l3f,1gxw,316,2.39029
1l3f,4tmn,316,2.86515
1l3f,1hyt,316,2.71495
1ass,1asx,152,105.985
5mss,5msw,709,1949.91
1tjd,1eej,216,24.5913
2x8g,2x8h,588,0.713083
2zbw,2zbw,330,1040.3
2d1f,2d1f,349,19.1833
1evl,1evk,401,269.428
2tpt,1otp,440,99.7208
1azy,4ead,440,141.754
3ihi,3ihh,280,17.2398
1b02,1bko,278,75.4043
1svb,1urz,376,402.79
1svb,1urz,376,379.337
1svb,1urz,380,355.222
1svb,1urz,379,427.677
1svb,1urz,381,345.527
3tsw,3lh5,234,174.069
3tsw,3shw,328,12.937
1a21,1a21,193,37.3642
2nzi,2nzi,292,39.2745
1ihr,1u07,74,1802.09
1a31,1k4t,457,43.583
2csd,2csb,510,105.5
3u3w,4fsc,262,135.663
2yvh,2zoz,169,55.8676
2yvh,2zoz,168,67.8406
2zoz,2zoy,172,12.1914
2yvh,2zoy,168,70.7234
3vox,3vp5,179,264.51
3vok,3vp5,173,137.391
2yvh,2yve,168,72.5274
2hyf,2f5d,124,4.73522
2hyf,2f5d,127,22.7255
1ny6,1ny6,247,26.6971
1ny5,1ny6,248,55.942
1ny5,1ny6,247,56.3247
1ny5,1ny6,245,29.1959
1ny5,1ny5,384,18.2361
1ny5,1ny6,247,28.37
1ny5,1ny6,247,50.0724
1ny5,1ny6,248,50.2
1ny5,1ny6,247,48.1144
1ny6,1ny6,246,23.3577
1ny5,1ny6,248,43.7754
1ny5,1ny6,248,21.1136
1ny5,1ny6,243,39.5331
1ny6,1ny5,247,27.1081
5gpc,5gpc,189,57.3133
1zkg,1z77,192,51.7074
1zkg,1zkg,192,22.394
1zkg,1z77,192,121.947
5o8z,5o8y,196,974.922
1npp,1npr,242,1386.49
1npp,1npr,241,428.291
1m1g,1m1g,240,493.42
1ais,1d3u,193,24.3504
1qna,1qnb,182,1.76179
3ice,1pv4,390,48.0578
3ice,1pv4,375,61.863
1tag,1tnd,314,213.327
1tnd,1tag,314,213.327
1suv,2nsu,639,5.62342
1suv,1cx8,639,5.62366
1suv,1suv,639,5.62484
3j5p,3j5q,592,110.95
1r7r,1ypw,683,718.268
1g7r,1g7t,537,103.462
1g7s,1g7t,569,95.0819
1j1j,4jhf,211,3.35235
1j1j,4jhf,210,3.43423
2h4m,2ot8,798,213.826
2h4m,2ot8,797,206.706
2h4m,2ot8,805,239.775
2h4m,2h4m,810,82.131
2p1m,2p1q,567,2.95631
5cn3,3tct,115,2.67862
4ng7,4x04,272,468.439
2hzk,2hzl,324,385.333
4tvu,4tvu,548,4.81858
1yyq,1yyq,351,95.7601
1tpd,5tim,249,148.908
1uaj,1ual,235,20.635
3h38,3h37,400,227.854
1avs,1top,81,754.996
1j1e,1j1e,156,11.9605
1mi7,1p6z,102,86.9937
1wrp,3wrp,98,29.9874
3wrp,2oz9,101,9.74082
5tia,6pyz,334,18.5752
6ud5,4pw8,306,97.5586
6am7,6am9,383,127.413
5e0k,5dw3,383,122.798
1mau,1maw,326,359.061
1mau,1i6m,326,137.589
1i6k,1m83,316,152.949
1maw,1mau,326,331.23
1i6k,1mau,316,140.963
1m83,1maw,326,365.271
1i6k,1maw,316,435.756
1uf9,1uf9,188,23.4166
1sa0,1tub,418,3641.23
1ncf,1ncf,137,1.33307
2gsz,2gsz,334,65.5722
2eww,2gsz,334,30.3546
2eww,2gsz,334,58.3057
2eww,2gsz,334,43.6564
2gsz,2gsz,334,0.624518
2eww,2gsz,334,43.1131
2gsz,2gsz,334,48.3461
2eww,2gsz,334,52.8289
2eww,2gsz,334,35.7634
2gsz,2gsz,334,1.77111
2gsz,2gsz,334,0.81014
2gsz,2gsz,334,66.4051
4a2l,4a2m,742,1289.71
4a2l,4a2m,741,1849.81
1z59,1z5a,456,314.27
2oap,2oaq,487,0.352825
2oap,2oap,478,79.6814
2oap,2oaq,481,6.16187
2oap,2oaq,478,75.7454
4ksr,4ksr,521,1678.88
5zfr,5zfr,382,104.956
2ez2,2ez1,454,243.459
2ez2,2ez2,456,254.406
3gen,3k54,240,68.8706
2l2p,2lp5,56,8.02102
1xbb,1xbc,264,3.6085
1h3e,1h3f,405,563.996
1n3l,1q11,329,165.736
1h3f,1h3e,402,622.717
1bcc,3bcc,196,417.093
1bcc,2bcc,196,390.354
1bcc,3bcc,379,35.0571
8asj,8asi,181,140.427
2g45,2d3g,72,9.14076
4ii3,4ii2,976,202.283
3cmm,3cmm,999,210.818
1nb8,1nb8,323,22.6585
1ycr,1t4e,85,3.40201
1hzj,1hzj,345,18.2017
1ek6,1ek6,345,22.6822
1ek5,1ek6,345,146.491
1ek5,1ek6,346,67.2739
2gna,2gn4,327,27.1529
2o3j,2o3j,462,2.23881
3itk,3itk,464,28.7007
2q3e,2q3e,459,1.53416
2q3e,2qg4,460,18.7686
2qg4,2qg4,460,8.73305
3itk,3itk,463,2.2215
2q3e,4qej,459,14.8659
2q3e,2qg4,460,13.6757
5ze7,5zes,348,290.731
1naw,1naw,419,18.1691
4neq,4nes,351,932.662
1vgv,1vgv,361,287.768
1ejd,1ejd,418,17.7088
1nlm,1f0k,350,60.8335
1fwy,1fxj,324,6.66907
1fwy,1fwy,324,1.57586
1fwy,1fxj,324,26.2438
1p3d,1gqq,413,5.18987
1gqq,1p3d,414,85.5076
2x5o,1e0d,428,62.0217
4uag,1e0d,422,32.6925
1eeh,4uag,425,437.206
1e0d,1uag,421,33.9804
1eeh,2uag,425,396.884
1e0d,2uuo,421,33.3713
1eeh,2jff,426,402.593
1eeh,1uag,425,392.812
1e0d,2wjp,425,33.9148
1eeh,1e0d,423,885.46
1eeh,2vte,427,404.815
1e0d,2xpc,425,36.2181
1e0d,1uag,421,33.9804
3ogz,3oh0,578,46.4476
3ogz,3oh2,577,149.369
3hvp,4hvp,97,56.4213
4x7p,4x6l,493,27.4876
2jjq,2vs1,391,37.5083
2bkh,2v26,740,459.642
6c1g,6c1d,729,81.8335
6c1d,6c1h,729,119.06
7pm5,7plt,746,85.0622
7pm0,7pm9,735,46.6661
7plu,1w7j,741,1627.22
4pfo,2bkh,748,544.34
2d2r,2dtn,199,32.5936
3cfx,3k6u,292,2022.28
3k6u,3k6w,312,2260.93
1akz,1ssp,223,72.6241
1ssp,1akz,223,72.6241
5xls,3qe7,406,2718.72
1g6w,1k0b,255,166.634
4ubp,3ubp,569,246.537
2j4j,2j4l,214,89.3467
2bnd,2bnd,236,28.7698
2bne,2bne,233,17.9101
2bnf,2bnf,224,17.6593
2j4j,2j4k,214,63.3202
2j4j,2j4k,206,69.7223
2j4j,2j4k,206,77.3451
1wd7,1wcw,254,410.465
2oeg,2oef,466,1789.53
3uf1,3uf1,101,15.5651
3swk,3uf1,83,15.3355
3swk,3swk,85,24.2518
3swk,3uf1,83,49.1186
3swk,3uf1,82,18.9379
3swk,3uf1,82,1.38182
3uf1,3uf1,105,51.2991
1nly,1nlz,299,23.0149
1nlz,1opx,299,8.68633
1nlz,1opx,313,28.5602
1nly,1nlz,301,8.35036
1nlz,1nly,299,7.73986
1nlz,1opx,299,24.8854
1nlz,1opx,272,6.4852
1nlz,1nly,272,7.33018
1nly,1nlz,317,45.1988
1nly,1nlz,301,8.18513
1n2z,5ovw,245,41.5887
1n2z,2qi9,243,17.8196
1n2z,4fi3,245,14.7179
1kxp,1kw2,433,106.141
3vr6,3vr6,587,207.149
5k1a,5k1a,589,3.38664
5k1a,5k1a,592,6.86535
5k1a,5k1a,592,177.651
1y0b,2fxv,187,508.197
2bhn,2bgw,211,3689.12
1xnb,2b42,184,60.3957
1jez,1k8c,299,100.394
1zag,3es6,273,15.7301
2icn,1zag,273,14.8554
3amj,3amj,422,14.9213
