p_pdb_id,q_pdb_id,monge_rate,monge_rate_1
3k9v,3k9v,0.543299,0.732923
2bq0,2c23,0.737063,0.937818
1k5h,1k5h,0.464306,0.614919
1k5h,1q0q,0.546346,0.683863
1n9g,1n9g,0.638831,0.815424
1gu7,1guf,0.633851,0.797481
1h0k,1n9g,0.5816,0.764785
1h0k,1h0k,0.614567,0.830954
1n9g,1n9g,0.618488,0.816826
2vo4,3fhs,0.505082,0.666283
1u3p,1gx1,0.471523,0.606384
1h48,1h47,0.501225,0.628316
1h48,1h47,0.494447,0.614337
1ks9,1yjq,0.614196,0.891536
2ofp,1ks9,0.633132,0.928024
1ks9,2ofp,0.615808,0.91639
2ew2,2ew2,0.658995,0.941985
5uqo,5uqr,0.565203,0.806819
5uqo,5uqr,0.576995,0.817837
5buq,5bur,0.595226,0.761733
5buq,5bur,0.647136,0.896736
5buq,5buq,0.639691,0.844936
2hun,2hun,0.553566,0.77288
2a5a,1uk4,0.579025,0.861801
1uj1,1uk2,0.602451,0.824352
7joy,7joy,0.656981,0.93155
1uj1,1uk2,0.58854,0.862454
3vb3,3vb3,0.613643,0.894794
1nr5,1nua,0.653598,0.948087
1nva,1dqs,0.638611,0.930509
1nvf,1nua,0.612415,0.927187
1xah,1xag,0.605946,0.881552
1nrx,1dqs,0.626121,0.923553
1nva,1nvf,0.614315,0.926358
1nr5,1nrx,0.64248,0.931937
2xcu,2xci,0.621346,0.871019
2xcu,2xci,0.568777,0.828542
2xcu,2xci,0.561325,0.760317
2xci,2xcu,0.610625,0.878811
2xci,2xcu,0.624372,0.916199
2xci,2xcu,0.59099,0.841314
1h7e,1h7g,0.596024,0.797039
1vh3,1vh3,0.628866,0.852923
1gqc,1h7h,0.615698,0.848385
1vic,1vh3,0.621721,0.847109
1h7g,1h7g,0.588382,0.827753
2cvz,2cvz,0.689422,0.956164
2y3z,4f7i,0.646369,0.739585
13pk,16pk,0.659263,0.927187
3roi,4gfp,0.63306,0.897584
2gg4,2gga,0.654352,0.91292
3roi,3slh,0.607522,0.893755
2gg4,2gg6,0.655087,0.913007
2gg4,2pqc,0.653575,0.912272
1ska,1skb,0.553048,0.701046
1ska,1sk9,0.551375,0.699634
2nww,2nwx,0.500539,0.683278
2nwx,2nww,0.497168,0.684756
1lwj,1lwh,0.531818,0.639148
5bsm,5bsr,0.549674,0.793995
1inj,1i52,0.544911,0.741595
5tej,5tej,0.667425,0.871548
5us6,5us6,0.66629,0.8826
4ywj,4ywj,0.63662,0.8541
4ly8,4m19,0.590315,0.74132
4epm,4ewv,0.54867,0.878767
1rf5,1rf4,0.641268,0.909327
1rf5,1rf6,0.639278,0.905498
4qqu,4l5z,0.621871,0.918062
4qqu,4l6h,0.603849,0.89354
1hpu,1ush,0.603657,0.89937
1hp1,2ush,0.602064,0.907145
1ho5,1hp1,0.602318,0.902628
1ho5,1ush,0.603559,0.907788
1hpu,1hp1,0.605178,0.897403
1hpu,2ush,0.62759,0.920165
6xue,4h2i,0.651313,0.942448
1hpu,1hp1,0.609167,0.897861
1xck,1sx4,0.615292,0.713128
1sjp,1sjp,0.628009,0.759631
1hka,1q0n,0.491333,0.553441
1hka,1q0n,0.491333,0.553441
3uqd,3uqd,0.63836,0.913314
2zyd,2zyd,0.603849,0.843334
2zya,2zyd,0.606967,0.828101
2zya,2zyd,0.616704,0.854527
3fwn,3fwn,0.627391,0.905243
2zya,2zya,0.630358,0.846168
7xr5,7xe8,0.671506,0.92484
2ex0,2ihz,0.615641,0.911324
2a4n,2a4n,0.618731,0.871191
2i13,2i13,0.667979,0.91849
3hvp,4hvp,0.560997,0.622266
1oxs,1oxt,0.622248,0.829088
4qfk,4qfl,0.632807,0.892095
6jal,6jam,0.630955,0.710033
4ra1,4ze8,0.627278,0.8773
3ip5,3ip6,0.572609,0.689031
3ip5,3ipa,0.576932,0.664805
3ip5,3ip9,0.566216,0.658605
4eq7,4euo,0.620486,0.749833
4r72,4r73,0.641946,0.718835
6hhb,6fjl,0.551736,0.640307
4prs,4psh,0.670397,0.810751
4psh,4prs,0.673413,0.821921
3k01,3k00,0.622846,0.728594
3k01,3jzj,0.622193,0.725317
3k01,3k02,0.62503,0.728843
1g99,1tuu,0.64314,0.930709
1g99,1g99,0.65257,0.931231
1ozh,1ozh,0.555293,0.680895
1ozg,1ozg,0.537191,0.62119
1ozf,1ozf,0.543297,0.625242
1ozh,1ozf,0.560383,0.635776
1i9b,1i9b,0.643137,0.884478
2wxb,2wxb,0.590862,0.821881
2wxb,1gs5,0.55461,0.809942
2wxb,1gs5,0.605241,0.841799
1oha,1gs5,0.575725,0.833735
1oha,2wxb,0.600286,0.844181
1oha,2wxb,0.557717,0.831259
2rd5,2rd5,0.590595,0.77369
3app,2web,0.518085,0.762621
3app,2wea,0.557833,0.796924
2qts,4fz0,0.537844,0.621119
2qts,4fz1,0.552463,0.652045
2qts,4fz0,0.569738,0.676041
4fz0,3hgc,0.601208,0.723755
2dhh,2dhh,0.563181,0.654527
2dhh,2dhh,0.578091,0.662757
2dr6,2dr6,0.557086,0.64503
2gif,2gif,0.58035,0.66672
4dx7,4dx7,0.599665,0.580005
4dx5,4dx5,0.598164,0.57417
2zwh,1j6z,0.615345,0.829287
1atn,2zwh,0.589466,0.753436
2zwh,1esv,0.589284,0.755701
3hbt,8a2t,0.656839,0.892157
3hbt,2zwh,0.611677,0.809064
1t44,2ff3,0.582367,0.730727
2pav,8a2r,0.626431,0.833079
2fxu,1nwk,0.610787,0.796941
2pav,1nwk,0.647856,0.865911
2v52,8a2r,0.633755,0.852948
1ijj,2zwh,0.57884,0.737868
1qz6,1nwk,0.610015,0.769836
3ub5,3u4l,0.59886,0.700875
2p9l,2p9k,0.626019,0.770432
2p9l,2p9s,0.635763,0.795855
2p9n,2p9p,0.578505,0.79397
1u2v,1tyq,0.60833,0.762439
2p9l,2p9u,0.615711,0.752055
2p9l,2p9p,0.613482,0.820424
2p9l,2p9i,0.618782,0.801771
1k8k,2p9u,0.601053,0.715742
1k8k,1u2v,0.547055,0.703411
1k8k,2p9p,0.615174,0.77593
1k8k,1tyq,0.574991,0.700081
3o4j,3o4j,0.674335,0.951033
3o4j,3o4j,0.670362,0.94922
1rx0,1rx0,0.556286,0.758779
3c5e,2wd9,0.571407,0.858026
3b7w,3c5e,0.59191,0.864031
2i6a,2i6b,0.588685,0.841946
3x2e,3x2f,0.638258,0.855305
3x2e,3x2f,0.631222,0.841641
3x2f,3x2e,0.619825,0.826909
3x2e,3x2f,0.619223,0.824525
3x2f,3x2e,0.621253,0.827033
1qiu,1qiu,0.650565,0.829231
1cjk,2gvd,0.505629,0.570278
2eck,4ake,0.630337,0.749822
2eck,4ake,0.62981,0.750203
1nks,1nks,0.602211,0.761901
2eck,4ake,0.627792,0.744791
4ake,1ake,0.634154,0.752012
1nks,1nks,0.599968,0.753989
1ake,1ank,0.529332,0.568884
2rgx,2rh5,0.645338,0.773719
2rh5,2rgx,0.642087,0.766612
1kht,1kht,0.568922,0.724872
2eck,4ake,0.627836,0.744402
2rgx,2rh5,0.617851,0.76254
2rgx,2rh5,0.617851,0.76254
1ake,4ake,0.630424,0.746529
1kht,1kht,0.571317,0.724252
2bbw,2bbw,0.562889,0.691164
1ank,4ake,0.629547,0.748188
1ank,4ake,0.632355,0.75284
1ake,4ake,0.630995,0.746651
2ak2,1ak2,0.543504,0.659197
1j4b,1iwe,0.610701,0.876227
1hoo,1cg0,0.582183,0.85401
1k04,1k05,0.706094,0.86084
1k04,1ow6,0.730372,0.894281
4b8s,4b8r,0.604356,0.847252
1r8s,1r8q,0.612343,0.784032
1e0s,2j5x,0.59599,0.795
1r12,3i9j,0.60459,0.778073
3c0m,3c0m,0.628569,0.694316
3c0m,3c0n,0.593969,0.710221
3c0n,3c0n,0.620347,0.740673
3og7,3og7,0.547842,0.746454
2vhx,2vhx,0.636595,0.827813
2eez,2eez,0.569519,0.723578
1adg,2ohx,0.618658,0.835914
1cdo,1cdo,0.638987,0.872573
4w6z,4w6z,0.632923,0.782893
4w6z,4w6z,0.635888,0.792559
2hcy,2hcy,0.631557,0.784109
4dxh,1ye3,0.628306,0.859507
1het,7adh,0.594429,0.804395
1het,8adh,0.62022,0.839261
2ohx,1adg,0.618586,0.842177
2ohx,1adg,0.618586,0.842177
2ohx,8adh,0.615805,0.841864
1y3n,1y3q,0.630959,0.693653
1y3p,1y3q,0.632444,0.693722
3mml,3mml,0.659578,0.906939
3mml,3mml,0.672981,0.931515
3mml,3mml,0.674307,0.934367
3mml,3mml,0.671655,0.925458
2nzw,2nzy,0.47385,0.584049
2nzw,2nzy,0.505908,0.610286
2nzx,2nzy,0.528664,0.803449
2nzw,2nzx,0.500079,0.603867
2nzw,2nzx,0.463717,0.567097
2ffa,2fgj,0.564454,0.607284
1otj,1gy9,0.527991,0.622396
2vrq,2vrq,0.55433,0.784314
4xsr,4xso,0.621636,0.886296
1pea,1qo0,0.553089,0.674179
1pea,1qo0,0.553089,0.674179
7zbo,7zbo,0.540916,0.724247
7zbo,7zbo,0.546019,0.724343
3vv5,3vve,0.56465,0.739757
4nqr,4rdc,0.52197,0.681702
3e4f,3ijw,0.500545,0.663695
1qo0,1qo0,0.696443,0.900577
1cmk,1cdk,0.602829,0.842335
5tuj,5t0w,0.641845,0.774921
1ki0,2doi,0.680639,0.937716
1ki0,2doh,0.700665,0.947056
3nxq,3nxq,0.555592,0.680447
6m17,6m1d,0.592824,0.738061
6m17,6m1d,0.59209,0.737729
1r4l,1r42,0.560824,0.582411
3qbw,3qbx,0.575843,0.783697
1axn,1aii,0.602233,0.74881
1khd,1khd,0.57663,0.748906
1khd,1khd,0.576343,0.714015
1o17,1o17,0.602887,0.701072
2elc,2elc,0.571781,0.650544
2elc,2elc,0.608514,0.754514
2elc,2elc,0.585792,0.662667
1khd,1khd,0.613217,0.774231
1o17,1o17,0.60863,0.707571
1khd,1khd,0.533158,0.653131
1o17,1o17,0.599466,0.66195
2gvq,2gvq,0.615681,0.718766
2gvq,2gvq,0.601926,0.6622
2gvq,1o17,0.602904,0.733372
2gvq,1o17,0.593198,0.672484
1khd,1kgz,0.583067,0.731687
1vqu,1vqu,0.582868,0.646343
1acc,1t6b,0.642571,0.912839
1t6b,1acc,0.642571,0.912839
2aju,2ajx,0.634467,0.889994
2icp,2ict,0.662364,0.891859
1b7u,1b1x,0.606111,0.930176
1av1,1av1,0.664776,0.892865
2ou1,1l6l,0.861569,0.989922
1l6l,1l6l,0.772451,0.959274
2ou1,1l6l,0.880483,0.994763
2p0m,2p0m,0.44458,0.68623
3m10,1bg0,0.640502,0.789708
1m15,3m10,0.650163,0.795121
1m15,1m80,0.643061,0.795719
1m15,3m10,0.643268,0.789114
3m10,5j99,0.646766,0.799175
1kh1,1kh2,0.578541,0.814569
1kp3,1k92,0.539028,0.739351
1f7v,1bs2,0.538889,0.681592
3f73,3dlb,0.620469,0.738036
3f73,3hm9,0.498405,0.630026
1b6b,1cjw,0.551499,0.776823
1asm,1ars,0.573283,0.80136
1asm,1ars,0.580171,0.808911
1ars,1art,0.581908,0.776958
1asn,1asm,0.582803,0.797766
1art,1asn,0.581456,0.803818
1art,1asn,0.576804,0.78641
1oxo,1oxp,0.592032,0.798963
1asm,1asn,0.584222,0.820726
1oxp,9aat,0.587494,0.786741
1asl,1ars,0.572036,0.786841
1asm,1asn,0.588684,0.821974
1asm,1asn,0.577151,0.805963
1asl,1asn,0.580898,0.80918
1asl,1asn,0.582291,0.809872
1ajs,1ajr,0.607442,0.808588
1asl,1ars,0.574337,0.78206
1ajr,1ajs,0.597235,0.797759
1asl,1asn,0.581064,0.794529
1bkg,1bjw,0.580453,0.803929
1oxo,1oxp,0.592032,0.798963
1asl,1asn,0.575643,0.789419
1x28,1ars,0.566807,0.755969
1ajs,1ajs,0.600771,0.798265
1amq,1amr,0.587214,0.777776
1ama,9aat,0.593678,0.793416
1art,1ars,0.581908,0.776958
1ars,1amr,0.580105,0.781346
9aat,1ama,0.593678,0.793416
2gyy,2gz1,0.645215,0.849067
2gyy,2gz1,0.644328,0.852802
2gz1,2gz3,0.594343,0.873482
3r7l,3r7d,0.519532,0.728763
1gq3,1gq3,0.586306,0.806414
1gq3,1gq3,0.604892,0.896109
8atc,5at1,0.619839,0.872448
8atc,5at1,0.527988,0.736292
1za1,1q95,0.523792,0.738938
1f1b,1ezz,0.514187,0.676567
1f1b,1ezz,0.515649,0.696106
1d09,1za1,0.592977,0.739588
1f1b,1ezz,0.615583,0.857473
1gl3,1brm,0.617962,0.854381
1mc4,1mb4,0.536777,0.765288
1gl3,1brm,0.606836,0.830152
2dt9,2zho,0.628342,0.821201
3tvi,3tvi,0.618923,0.915642
2dt9,2zho,0.644696,0.839504
1eqr,1eqr,0.630313,0.792098
1eqr,1eqr,0.636028,0.798689
1c0a,1eqr,0.599684,0.73345
1c0a,1eqr,0.631232,0.75488
3nel,3nem,0.59157,0.814297
1eov,1asy,0.625599,0.882479
1efw,1l0w,0.626741,0.75634
1g51,1efw,0.574647,0.825995
5jxk,5jwi,0.60384,0.742218
5jxk,5jwg,0.602997,0.747625
5jxk,5jwi,0.602871,0.733834
5jxk,5jwg,0.608256,0.74584
5jxk,5jwi,0.610294,0.744342
5jxk,5jwi,0.592738,0.738514
7bsu,7bsv,0.630206,0.878776
1gmj,1gmj,0.746893,0.970271
1gmj,1gmj,0.896104,0.99312
1gmj,1gmj,0.883694,0.99291
1gmj,1gmj,0.917532,0.99493
1gmj,1gmj,0.873174,0.993068
6a6n,6a6m,0.556535,0.706633
6qcl,6hxn,0.594182,0.608743
3hws,3hws,0.591771,0.851002
3hws,3hws,0.577118,0.828584
3hws,3hws,0.602373,0.840836
3hws,3hws,0.601489,0.893871
2v1x,2wwy,0.763422,0.973849
1yyf,1yyf,0.673195,0.842414
1j3b,2pc9,0.584526,0.86421
5e7i,5e7j,0.616096,0.890729
5ooq,4u4c,0.643436,0.725373
4qu4,4u4c,0.631809,0.740379
5ooq,2xgj,0.600168,0.692271
6ieg,6ieh,0.593605,0.727734
2xgj,4u4c,0.531223,0.707502
4qu4,2xgj,0.604599,0.683435
4u4c,2xgj,0.617401,0.736407
5ooq,4u4c,0.640335,0.727089
1yrb,1yr6,0.55779,0.722314
1nh8,1nh7,0.674688,0.94289
1e79,1e79,0.661276,0.804249
2hld,2hld,0.655631,0.799363
1w0j,1e1r,0.656006,0.803676
1w0j,2jdi,0.64631,0.768776
1h8e,1h8e,0.648841,0.825541
1h8e,1h8e,0.644691,0.820394
1h8e,1e1q,0.639943,0.782645
1h8e,1e1q,0.646595,0.827675
1h8e,1h8e,0.648764,0.814116
1h8e,1bmf,0.647888,0.831301
1h8e,2jiz,0.663962,0.79958
5ara,5ari,0.645198,0.808897
5are,5fil,0.648207,0.805189
5are,5ari,0.644155,0.80171
5ara,5fik,0.639954,0.79793
5ara,5fik,0.652757,0.809571
5fij,5fik,0.644995,0.818737
5fij,5fik,0.530463,0.64742
5fij,5fik,0.650863,0.809611
5fil,5arh,0.646883,0.796094
5fil,5arh,0.633873,0.802652
5fil,5ara,0.647072,0.812158
5fil,5ara,0.640073,0.793729
5ara,5arh,0.650265,0.81189
5ara,5arh,0.637833,0.823533
1jdn,1jdp,0.600105,0.669581
1xcb,3ikt,0.659851,0.888286
1xcb,1xcb,0.632444,0.863354
5xwy,5xwp,0.547638,0.65659
2hj9,1zhh,0.626835,0.808979
1jx6,1zhh,0.642899,0.824423
4tnw,4tnv,0.582397,0.819991
3rhw,4tnv,0.600201,0.890406
4tnw,4tnv,0.585753,0.831318
2bzd,2bzd,0.677791,0.973037
1msw,1s76,0.531488,0.73107
1qln,1msw,0.567366,0.834853
4o01,4o0p,0.588478,0.85983
1brs,1yvs,0.758394,0.928403
1brn,1yvs,0.753375,0.921854
1brn,1yvs,0.753375,0.921854
3gqi,3gql,0.579207,0.843019
3gqi,3gql,0.604207,0.85676
3gqi,6nvl,0.603,0.85148
3gqi,6c1o,0.606622,0.86783
3gqi,3gql,0.599788,0.88687
1w33,4bl4,0.683613,0.820302
1w33,4bl4,0.686716,0.825164
6vbu,6vbv,0.621925,0.897129
1w61,1w62,0.620285,0.830874
3fzn,2fwn,0.594899,0.736931
2fwn,3f6b,0.578009,0.7355
1j6z,3mfp,0.682887,0.895112
1j6z,1sqk,0.59996,0.779874
1j6z,1t44,0.616507,0.812184
1j6z,8f8p,0.634967,0.864072
1j6z,2a5x,0.58236,0.742726
1nwk,2zwh,0.610739,0.783082
1j6z,6bno,0.625406,0.850662
1j6z,3j8a,0.612726,0.852049
1j6z,4a7n,0.625444,0.85734
1j6z,1qz6,0.61543,0.804948
1j6z,8d13,0.633656,0.863625
1j6z,2q36,0.616533,0.801552
1j6z,3sjh,0.616284,0.810714
1j6z,4b1v,0.615158,0.797276
1j6z,3u8x,0.599367,0.775217
1j6z,1yxq,0.609501,0.799154
1j6z,2a41,0.582588,0.799792
1nwk,1esv,0.596929,0.762641
1j6z,2ff3,0.580352,0.782678
1nwk,3mfp,0.682768,0.894048
5tv1,3p2d,0.557422,0.714079
1blb,2bb2,0.642532,0.897886
1i7x,1i7w,0.596361,0.839447
1i7x,1i7x,0.709626,0.982316
1i7w,1i7w,0.745603,0.979803
3bct,1qz7,0.674832,0.971074
1jdh,2gl7,0.751294,0.975609
1jz8,1jz8,0.552505,0.851584
1jz8,1jz8,0.551674,0.837029
3l6g,3l6h,0.647786,0.737235
5van,5vaq,0.627246,0.938065
5vaq,6nfj,0.642203,0.948647
5van,6nfj,0.648662,0.958916
4y0o,4y0u,0.538253,0.71822
4jf6,4jf4,0.5409,0.71793
2wf5,6h8v,0.692428,0.91849
2wf5,6h8u,0.688538,0.919576
2wf5,5olw,0.697804,0.920586
6hdh,6hdl,0.682873,0.91381
2wf5,6h8w,0.683211,0.912205
6h93,2wf9,0.601986,0.828441
2wf5,6qzg,0.678899,0.912815
2wf5,6h93,0.690695,0.917162
2wf5,1z4n,0.658408,0.89084
2wf5,1lvh,0.677419,0.925259
2wf5,6h8x,0.687482,0.913147
2wf5,1zol,0.661988,0.90248
2whe,6ydl,0.640945,0.880003
2wfa,2wf5,0.688031,0.918389
6h93,2wf9,0.605714,0.831325
2wf5,1lvh,0.672086,0.906829
2wfa,2wf9,0.635911,0.877126
6h93,2wf5,0.679787,0.91334
2wf5,6ydm,0.682239,0.913782
2wf5,5olw,0.687511,0.917111
2wf5,6ydl,0.702152,0.923539
2wf5,6h8v,0.692682,0.918901
2wf5,6h91,0.690007,0.913628
2whe,2wf9,0.634019,0.883015
6h93,6h93,0.620376,0.872399
6hdi,6hdk,0.684387,0.91533
1zol,2wf9,0.584698,0.810989
6h93,2wf6,0.682408,0.912687
2wf5,6h91,0.683009,0.907857
6hdi,6hdm,0.680659,0.910851
2wf5,6h8x,0.684353,0.914814
2wf5,5oly,0.581266,0.788526
2wf5,6qzg,0.675221,0.907354
1zol,1z4n,0.614176,0.848588
1zol,1z4n,0.644209,0.872231
6hdh,6hdj,0.686382,0.915411
3nas,3nas,0.638416,0.868587
1zol,2wf6,0.658225,0.897943
1zol,2wf8,0.663256,0.903949
2whe,6h93,0.653471,0.907041
2wf5,2whe,0.683507,0.917785
1zol,1o03,0.667297,0.906231
2whe,6h93,0.640945,0.87703
6hdf,6hdg,0.686398,0.909955
1zol,1lvh,0.595849,0.805453
2whe,2wf8,0.68245,0.9188
1zol,6h93,0.594655,0.838651
6hdh,6hdh,0.616793,0.87747
2wf8,2wf9,0.655477,0.891226
2whe,2wf6,0.683,0.916553
1z4o,1lvh,0.6478,0.902675
1zol,6h93,0.596498,0.808657
6hdf,6hdf,0.591638,0.846211
6h93,2wf8,0.683634,0.913977
6hdi,6hdi,0.609755,0.858553
2wf5,1z4n,0.643639,0.867042
2wf6,2wf9,0.654124,0.888427
2wf5,1z4o,0.636567,0.879636
2wf5,6ydm,0.675136,0.91185
2wf5,2wf9,0.655308,0.886654
6hdf,6hdg,0.691006,0.915368
1zol,1z4o,0.64815,0.897703
1zol,1z4o,0.614258,0.844583
2h2q,3hbb,0.609277,0.895758
4kf2,4o4p,0.490852,0.624457
4kf2,4o4p,0.485215,0.631289
4kf2,4key,0.489404,0.627633
4kf2,4key,0.481021,0.624571
4kf2,4kf2,0.553751,0.634265
4key,4kf2,0.463889,0.625484
1zcz,1zcz,0.620852,0.878631
3eo3,2yhy,0.619603,0.836586
5dvf,5dvj,0.613733,0.692185
5dvi,5dvf,0.615575,0.698119
2cgh,2cgh,0.583839,0.831667
1bib,2ewn,0.644099,0.864849
2ewn,1bib,0.643555,0.856575
2hhj,2hhj,0.572872,0.827958
3nfy,2hhj,0.518937,0.643845
3nfy,1t8p,0.470851,0.577075
2h4z,2h4z,0.606642,0.858169
2h4x,2h4x,0.595646,0.842733
2h4z,3nfy,0.52293,0.640826
2h4x,3nfy,0.53391,0.644274
2h4z,3nfy,0.532679,0.647087
2h4x,3nfy,0.532873,0.646592
3v0a,3v0c,0.617672,0.920908
1h8h,1h8h,0.658157,0.802562
1e79,1h8e,0.557917,0.635492
1h8e,1h8e,0.620426,0.811003
1bmf,1bmf,0.641792,0.857994
1bmf,1bmf,0.596674,0.777972
1bmf,1bmf,0.653108,0.796429
1h8h,1h8h,0.60051,0.787937
1e1q,1h8e,0.607641,0.708982
1h8h,1h8e,0.640134,0.889652
1bmf,1bmf,0.655249,0.797286
1e1q,1e79,0.569845,0.703277
1e79,1e79,0.627598,0.788181
1bmf,1h8e,0.639817,0.815183
1bmf,1e79,0.552446,0.695097
1h8h,1h8e,0.643415,0.789043
1e1q,1e79,0.598428,0.725093
1h8h,1h8e,0.597886,0.67687
1bmf,1h8e,0.635421,0.770729
1h8h,1h8h,0.651345,0.79826
1bmf,1h8e,0.65967,0.797074
1bmf,1h8e,0.636458,0.822496
5uja,5uj9,0.583047,0.675638
1uwh,1uwh,0.683979,0.970629
3c4d,3c4d,0.538941,0.707069
3c4c,3c4c,0.545781,0.736869
3mxf,3p5o,0.578303,0.613086
1knv,1knv,0.647274,0.878543
1sdo,1vrr,0.591241,0.746694
3drx,3dry,0.667197,0.91147
2b39,2b39,0.594636,0.865831
4apx,2whv,0.640933,0.915019
4apx,2wcp,0.64084,0.917103
6jgw,6jgx,0.718839,0.944664
1kyw,1kyw,0.597892,0.814975
4pgh,4pgg,0.590201,0.832072
3p9c,3p9i,0.657488,0.847546
4pgg,4pgg,0.574667,0.831497
1g6o,1nlz,0.599025,0.869986
1nlz,1nlz,0.632204,0.916759
1nlz,1nlz,0.691073,0.939724
1nlz,1nlz,0.65581,0.911523
1nlz,1nlz,0.632608,0.872567
1nlz,1nlz,0.668358,0.929406
1g6o,1nlz,0.624586,0.884346
1nlz,1opx,0.619215,0.864277
1nlz,1opx,0.625227,0.909206
1nlz,1nly,0.607615,0.861615
2fy8,2fy8,0.631772,0.900264
2fy8,2fy8,0.658351,0.95586
2fy8,2fy8,0.676776,0.960502
2fy8,2fy8,0.660837,0.946289
2aej,2aef,0.582548,0.868707
2aej,2aef,0.616396,0.885452
2aem,2aej,0.642023,0.935606
2fy8,2fy8,0.641963,0.921738
3otg,3oth,0.517635,0.723138
5k8q,2fot,0.671642,0.929099
1qx5,1cll,0.711908,0.93054
1qx5,1cll,0.71183,0.930187
1g4y,2bcx,0.743882,0.944471
1cdm,1prw,0.736294,0.900951
1cll,1k93,0.747759,0.928069
1g4y,1k90,0.709347,0.894662
1cll,3bxl,0.758547,0.965361
1cll,5j8h,0.745435,0.963871
1cll,1sy9,0.753594,0.966959
1cll,1cfd,0.71824,0.901989
5k8q,1cdl,0.663852,0.929831
5k8q,4zlk,0.667008,0.927452
5k8q,6b8l,0.70902,0.938449
5k8q,2f3y,0.687344,0.935476
5k8q,2bcx,0.663226,0.925981
5k8q,1iwq,0.721405,0.945307
5k8q,1l7z,0.698987,0.938004
5k8q,1nwd,0.716635,0.940492
5k8q,1sy9,0.6928,0.932962
5k8q,1yr5,0.688443,0.928188
5k8q,2o60,0.66404,0.914587
5k8q,3dve,0.710353,0.945312
5k8q,3dvm,0.699249,0.957774
5k8q,3g43,0.711917,0.952964
5k8q,3gof,0.719352,0.948018
5k8q,4ehq,0.70912,0.939384
5k8q,6e2f,0.70068,0.939044
5k8q,2m0j,0.660691,0.91462
1mxe,1mxe,0.597319,0.830125
5k8q,4umo,0.711511,0.939697
5k8q,6b8l,0.710918,0.93766
5k8q,1niw,0.701185,0.929871
5k8q,2be6,0.688349,0.936359
5k8q,1cm1,0.698458,0.949191
5k8q,2bki,0.67286,0.920998
5k8q,2f2o,0.731675,0.942317
5k8q,2l7l,0.700975,0.942325
5k8q,3dvk,0.68541,0.944139
5k8q,3g43,0.693982,0.942803
5k8q,3gp2,0.703339,0.947336
1cll,1a29,0.730621,0.962523
5k8q,3hr4,0.677255,0.923924
5k8q,6e2g,0.686891,0.932996
5sy1,2x51,0.680939,0.920758
5k8q,2l53,0.716931,0.907628
5k8q,6b8l,0.710529,0.940853
5k8q,6b8q,0.718211,0.938928
5k8q,2f2o,0.709828,0.936059
5k8q,2ix7,0.669863,0.864999
5k8q,1cdm,0.730918,0.965995
5k8q,1cff,0.60652,0.849032
5k8q,1ckk,0.690338,0.943462
5k8q,1iq5,0.722796,0.94879
5k8q,1wrz,0.686595,0.939016
5k8q,1zuz,0.696049,0.934977
5k8q,2hqw,0.716069,0.949523
5k8q,2m55,0.723924,0.942212
5k8q,3bxl,0.690241,0.937452
5k8q,3bya,0.713933,0.951345
5k8q,5j8h,0.687974,0.946283
1up5,1up5,0.730089,0.941933
5k8q,5k7l,0.70806,0.955952
5k8q,6feg,0.708756,0.938215
5k8q,4umo,0.714314,0.94403
5k8q,6b8q,0.715313,0.932844
5k8q,1niw,0.709729,0.937285
6o20,2fot,0.589608,0.829374
5k8q,2kdu,0.658131,0.909283
5k8q,2kne,0.672905,0.918601
5k8q,2x0g,0.68309,0.925214
5k8q,3ewt,0.703546,0.945185
5k8q,3sui,0.705524,0.949092
5k8q,6b8l,0.704925,0.936028
5k8q,6b8q,0.724121,0.943618
5k8q,3gof,0.712462,0.947319
5k8q,6cnn,0.69349,0.935817
5k8q,6cno,0.688959,0.934625
3dvm,3bya,0.703268,0.916617
2o5g,5k8q,0.66926,0.917365
3dvm,4ehq,0.732374,0.961485
6y4o,5k8q,0.665186,0.926011
4q5u,5k8q,0.677255,0.940578
1cll,1cdl,0.713315,0.943645
2o60,1k90,0.734364,0.935211
1cll,1cm1,0.736039,0.960468
1cll,1qiw,0.722939,0.961249
1cll,1qiv,0.730129,0.958659
1cll,1xa5,0.731995,0.961731
1cll,3g43,0.737179,0.957308
1cll,2dfs,0.756732,0.951489
1cll,3ewv,0.737956,0.970912
1cll,3ewt,0.744881,0.959092
1cll,3dvk,0.72225,0.954736
1cll,3dve,0.741216,0.968098
1cll,2ix7,0.749729,0.933571
1cll,2hqw,0.734757,0.958155
1cll,2fot,0.698575,0.947934
1cll,2f3y,0.757964,0.964647
1cll,2dfs,0.760637,0.952085
1cll,2dfs,0.747911,0.946738
1cll,2bki,0.732712,0.950756
1cll,2be6,0.745221,0.956887
1cll,1niw,0.763184,0.967584
1cll,1a29,0.730621,0.962523
1cll,1g4y,0.729701,0.959598
1cll,3g43,0.732323,0.960399
1cll,3hr4,0.742036,0.949678
1cll,3g43,0.738636,0.955008
1cll,3dvm,0.726619,0.959566
1cll,2vay,0.746212,0.958802
1cll,2o60,0.731449,0.954444
1cll,2ix7,0.746479,0.933421
1cll,2dfs,0.748017,0.94607
1cll,2dfs,0.748017,0.946703
1cll,2dfs,0.760432,0.952617
1cll,2bcx,0.744781,0.967621
1cll,1yr5,0.728535,0.958153
1cll,1wrz,0.731546,0.962069
1cll,1iwq,0.746742,0.966763
1cll,1iq5,0.732323,0.957917
1cll,1cdm,0.73126,0.959038
1cm1,1g4y,0.749828,0.95639
3i79,3hx4,0.631098,0.890395
3i79,3n51,0.627998,0.886107
3i79,3i7c,0.514692,0.732774
2f2o,1up5,0.69702,0.92607
2f2o,1up5,0.702105,0.925013
1xfv,1k90,0.626608,0.864926
1k8t,1k93,0.606756,0.882661
1k8t,1k90,0.614999,0.884247
1k8t,1k93,0.619277,0.890326
1k8t,1k93,0.601783,0.871643
1cll,1cdl,0.713315,0.943645
1cdl,2f2o,0.725797,0.954193
1cdl,1cdm,0.711312,0.944374
3lst,3lst,0.643389,0.866041
2g8j,1tl9,0.470269,0.645191
2p0r,1ziv,0.693917,0.923978
1j3h,1bkx,0.581104,0.836473
1j3h,1atp,0.601465,0.833191
1j3h,4dh3,0.62967,0.835078
1u7e,1j3h,0.627999,0.840414
1j3h,1bkx,0.603134,0.818974
1j3h,1l3r,0.62058,0.819388
1atp,2qvs,0.600681,0.822119
1atp,1j3h,0.621253,0.824911
3l61,3l63,0.558074,0.657887
5xra,5tgz,0.664402,0.887879
3ojl,3ojl,0.648697,0.917236
3ojo,3ojo,0.667038,0.946778
4jz7,4jz9,0.533173,0.621896
4jz7,4jz9,0.475367,0.618456
1bxr,1c30,0.490433,0.711813
1bxr,1c30,0.498454,0.712501
4kp8,4ht2,0.525788,0.576127
1oao,1oao,0.703652,0.971837
1qz3,1u4n,0.601273,0.765175
1k9a,1k9a,0.624683,0.836863
8h4z,8h52,0.5175,0.701716
1tw2,1tw2,0.640914,0.896842
1tw3,1tw3,0.606091,0.832532
5jr3,5jr3,0.672225,0.904814
5jr3,5jr3,0.659101,0.877417
1jam,1lp4,0.557382,0.821749
1jam,2oxy,0.55725,0.850782
1jam,1zoh,0.5517,0.804177
2wc2,1j59,0.587229,0.798189
1ygr,1ygr,0.627526,0.950576
1lgp,1lgq,0.654923,0.785615
3wqu,3wqu,0.539575,0.742342
3wqt,3wqt,0.540032,0.664251
3wt0,3wt0,0.606085,0.802419
1e4f,1e4g,0.589978,0.778448
3wt0,3wt0,0.576713,0.753016
3wt0,3wt0,0.565239,0.717687
3wqt,3wqt,0.583931,0.750033
4a2a,4a2a,0.574218,0.722148
2cea,2cea,0.710637,0.970637
2cea,2cea,0.702086,0.971465
5mn4,5mn8,0.63903,0.940621
5h5g,5h5g,0.61305,0.891234
3voa,3vpa,0.529498,0.687117
5h5g,3voa,0.617872,0.893008
5h5i,5h5h,0.627567,0.889292
3voa,3vo9,0.52267,0.689974
3wgm,3wgl,0.622968,0.906499
1pxn,1aq1,0.653508,0.893375
1vyw,1aq1,0.574217,0.801393
2exm,1aq1,0.601632,0.849868
1fq1,1jsu,0.481593,0.567468
2b54,1fq1,0.518068,0.692043
1fq1,1b39,0.507931,0.679537
2exm,1fq1,0.515808,0.694029
2exm,1qmz,0.501464,0.628036
2bts,1pf8,0.636133,0.875229
2b54,1qmz,0.49902,0.627891
5nz7,5nz8,0.567384,0.8648
4ku7,4ku8,0.677157,0.85676
1kx8,1n8v,0.640586,0.687244
1bc5,1af7,0.640737,0.885111
4mbs,4mbs,0.60057,0.81347
6aky,5uiw,0.571664,0.738733
4mbs,6aky,0.51822,0.749239
1zty,1zu0,0.626603,0.86093
1zty,4gfr,0.626797,0.861001
2q2u,1p8l,0.622368,0.915237
2q2t,1p8l,0.62036,0.909987
1qxo,1qxo,0.478894,0.638203
1gxj,1gxl,0.613757,0.863009
1gxj,1gxl,0.619798,0.87268
5a1s,5a1s,0.633714,0.663924
1iom,1ixe,0.595107,0.799485
1iom,1ixe,0.584979,0.779094
5csc,2csc,0.560225,0.810959
6cts,5csc,0.561031,0.813143
1cts,4cts,0.539447,0.767211
2hf7,1rmt,0.564087,0.694437
1qvr,1qvr,0.67187,0.923381
1qvr,1qvr,0.591743,0.788338
1qvr,1qvr,0.666447,0.933428
7ds0,7ds1,0.552609,0.782797
2yk4,2yk5,0.583281,0.829009
2r7e,6mf2,0.486832,0.564959
3cdz,3j2q,0.646628,0.939647
1g40,1rid,0.640887,0.825817
1g44,1rid,0.67616,0.87246
5oqp,5oqq,0.726755,0.979972
4d18,4d18,0.834426,0.994384
4d10,4d10,0.818525,0.993272
4d18,4d10,0.830189,0.994236
4d18,4d18,0.683403,0.914959
4d18,4d10,0.734346,0.944011
1jk9,1qup,0.642582,0.9116
1jk9,1qup,0.655445,0.911014
1jk9,1qup,0.626856,0.899212
1we3,1we3,0.648192,0.740083
3dre,3b6r,0.564464,0.680242
3dre,3b6r,0.579384,0.712926
3dre,3drb,0.580635,0.703499
1u6r,1u6r,0.63855,0.825642
6o0y,6o0z,0.507124,0.67089
5f9r,7s4u,0.570565,0.705427
1l5b,3ezm,0.704158,0.947903
3ezm,1m5j,0.717426,0.952454
1l5b,3ezm,0.716436,0.946297
1u12,1vp6,0.735658,0.914277
1f5q,1ckp,0.551012,0.795206
1f5q,1ckp,0.538922,0.789964
1fin,3pxr,0.489935,0.613395
1fin,1hck,0.49105,0.617702
1fin,1hcl,0.491259,0.619681
1dm2,1qmz,0.587421,0.84263
1jst,1hck,0.484922,0.615678
1aq1,1qmz,0.559124,0.79784
1aq1,1jsu,0.570898,0.771893
5kkw,5wjp,0.635486,0.766506
3gwf,3gwd,0.582441,0.666642
1ihg,1iip,0.666416,0.906671
1kp9,1kph,0.496737,0.644946
4pcu,4pcu,0.608457,0.857926
2fem,2feo,0.628716,0.789315
2e74,2e76,0.683708,0.909638
1bu7,1jpz,0.501167,0.606831
1bu7,1jpz,0.49956,0.601858
3tbg,3tbg,0.540659,0.662752
2cpp,1rf9,0.539641,0.643931
1k6w,1k70,0.502941,0.744642
1wmb,2ztl,0.548975,0.765159
2ztv,2ztl,0.551292,0.792146
1ygy,1ygy,0.664158,0.944056
1psd,1psd,0.669742,0.911719
4nfy,4njm,0.680908,0.901895
2yzg,2zdq,0.567712,0.67689
1gub,1rpj,0.670708,0.832155
2o1c,2o1c,0.505144,0.603221
1k1q,1k1s,0.616068,0.908226
1k1q,1k1q,0.622599,0.89177
1jks,1jkt,0.508195,0.516168
1wvw,1wvy,0.605661,0.850654
2vbc,2whx,0.593827,0.874364
1dek,1dek,0.635428,0.801342
2qw1,2fw0,0.664172,0.876845
2fw0,2gbp,0.669219,0.801762
2hph,2fw0,0.661347,0.80055
2gbp,2fw0,0.669219,0.801762
1dc6,1gad,0.586317,0.826154
1gad,1gad,0.566066,0.814639
1crw,1dss,0.580861,0.792494
1gd1,2gd1,0.618935,0.868206
2gd1,1gd1,0.603866,0.860336
1gd1,2gd1,0.59584,0.870386
3wb9,3wbf,0.578192,0.722815
2gkj,1gqz,0.673057,0.900808
1gqz,2gke,0.667602,0.898317
2otn,2otn,0.642252,0.910205
3dap,1dap,0.596767,0.745537
2ffl,2ffl,0.654351,0.925135
2wb4,1w25,0.689652,0.973223
2wb4,1w25,0.689518,0.972669
7emy,7en2,0.603327,0.918289
7emy,7en1,0.600561,0.916199
3qy9,3qy9,0.680671,0.933012
5z2d,5z2f,0.637228,0.77693
1vm6,1vm6,0.674696,0.86774
1arz,1arz,0.673611,0.888611
3qy9,3qy9,0.664463,0.912438
3ijp,3ijp,0.668747,0.868603
3m5v,3ler,0.564897,0.778947
3m5v,3ler,0.544286,0.659076
3m5v,3ler,0.567426,0.794348
3ler,3m5v,0.560049,0.709224
3m5v,3ler,0.566687,0.699775
3m5v,3ler,0.560243,0.732377
3m5v,3ler,0.571077,0.716779
3m5v,3ler,0.573321,0.802235
3c1t,2c29,0.535923,0.683266
3c1t,2c29,0.553621,0.721951
3c1t,2c29,0.565849,0.765886
3c1t,2c29,0.5166,0.589577
1tox,4ow6,0.644516,0.916841
1sgk,1f0l,0.676264,0.949387
1bi1,1bi2,0.5622,0.767511
1bi2,1bi2,0.551888,0.777803
1j49,1j49,0.650821,0.868676
5z21,6abi,0.710878,0.92133
1j4a,1j4a,0.596338,0.774999
1j4a,1j4a,0.59837,0.842703
6abj,5z20,0.670638,0.902773
1omp,1anf,0.620508,0.696636
1omp,1anf,0.620508,0.696636
1omp,4mbp,0.620054,0.696644
1anf,1jw4,0.628463,0.69695
1anf,1jw5,0.62817,0.699087
1omp,1dmb,0.575566,0.677399
1omp,3mbp,0.620992,0.697065
1omp,4mbp,0.620054,0.696644
1anf,1lls,0.630894,0.698957
3mbp,1lls,0.630074,0.69909
1omp,3mbp,0.620992,0.697065
1omp,1anf,0.620508,0.696636
2w2l,2w2l,0.658536,0.894084
2w2l,2w2l,0.630283,0.879476
2w2l,2w2l,0.672418,0.925169
2w2k,2w2l,0.668944,0.865586
2w2k,2w2l,0.621368,0.775955
1jej,1qkj,0.634497,0.904153
1jej,1jix,0.620838,0.89583
1jej,1jg6,0.637509,0.898427
2q6t,2q6t,0.698074,0.947395
4a11,5hxb,0.582011,0.719267
6dsz,5hxb,0.547323,0.703657
4a11,6dsz,0.529505,0.682644
1s0v,1cez,0.577804,0.816728
2a6h,1iw7,0.640121,0.759688
1iw7,1iw7,0.60684,0.8205
2a69,2be5,0.554469,0.597638
1i3q,1i6h,0.591504,0.81523
1i50,1i6h,0.61016,0.870502
1i50,1wcm,0.56234,0.803152
1i3q,1k83,0.566055,0.807381
1i3q,1i50,0.569898,0.790486
1i50,1i6h,0.616709,0.895832
1i3q,1y1w,0.632369,0.940136
1i6h,1k83,0.605945,0.890515
1i3q,1i50,0.673208,0.941593
1i3q,1wcm,0.631093,0.936974
1i50,1wcm,0.599292,0.881343
1i50,1y1w,0.600312,0.88603
1k83,1i3q,0.667328,0.918168
1i50,2nvq,0.616054,0.883609
1i3q,1i6h,0.628514,0.905048
3qks,3qkt,0.734117,0.961713
1e0j,1e0j,0.600515,0.81971
2is4,2is2,0.575532,0.611826
1rif,1rif,0.533555,0.798811
3agz,3agz,0.621334,0.847393
1dky,1dkz,0.596976,0.836605
3sgi,1zau,0.621106,0.824807
1x9z,1x9z,0.642897,0.822467
1e3m,1w7a,0.685329,0.903844
1e3m,1e3m,0.676986,0.89171
1bpx,2fmp,0.675564,0.924008
1bpx,1bpy,0.688193,0.926963
1bpd,2bpg,0.735657,0.962858
1bpd,2bpg,0.747047,0.97251
2fmq,9ici,0.729099,0.945886
2bpg,1bpd,0.747047,0.97251
1jih,2r8k,0.560223,0.734834
1jih,1jih,0.628034,0.895795
1jih,2r8j,0.561213,0.722959
1njg,1njf,0.606237,0.740559
1njg,1njf,0.613481,0.794502
4jv1,4rzr,0.631741,0.920574
2va3,2rdi,0.64247,0.935458
4gc7,4rzr,0.622201,0.911801
2ago,2agq,0.569346,0.744266
2ago,2agp,0.607987,0.861104
4rzr,2r8h,0.622581,0.905355
4rzr,2ago,0.619062,0.897594
4qw9,4rzr,0.62829,0.929233
3qz7,2rdi,0.650657,0.93766
3qz7,4rzr,0.64423,0.932529
4rzr,1n56,0.620235,0.91984
2agp,4rzr,0.625772,0.919281
3pvx,4rzr,0.618975,0.921742
3m9n,4rzr,0.645213,0.932238
3m9n,2rdi,0.652516,0.942142
2ia6,2rdi,0.649316,0.937311
1n48,4rzr,0.71357,0.971914
1n48,2rdi,0.701922,0.971431
2ia6,4rzr,0.657116,0.932713
2ia6,4rzr,0.667311,0.932707
2ia6,4rzr,0.651009,0.942796
3pw0,4rzr,0.615439,0.910435
2agq,2rdi,0.656877,0.94132
4rzr,4qwd,0.639779,0.930427
3m9m,2rdi,0.648297,0.943393
4rzr,4g3i,0.663878,0.910839
4rzr,4qwa,0.636985,0.921386
4rzr,2agq,0.649146,0.931024
4rzr,2ia6,0.628066,0.877234
2agp,2rdi,0.641916,0.937215
4rzr,3qz8,0.654321,0.935679
2ibk,4rzr,0.646179,0.93223
3m9m,4rzr,0.64492,0.942523
1s97,4rzr,0.642936,0.945035
1s97,2rdi,0.656037,0.946916
3m9o,2rdi,0.656716,0.94074
3v6j,4rzr,0.643841,0.926299
4rzr,2rdi,0.63936,0.929254
4ruc,4rzr,0.623219,0.911465
3m9o,4rzr,0.665085,0.941513
2ibk,2rdi,0.656538,0.937833
3v6h,2rdi,0.668871,0.950106
2agp,2rdi,0.647529,0.938911
2bqr,4rzr,0.6325,0.92382
4fbt,4rzr,0.643902,0.90235
2r8g,2rdi,0.644651,0.936168
2imw,2rdi,0.645312,0.937296
4rzr,7kle,0.628549,0.931703
2r8i,2rdi,0.642989,0.937902
2r8h,2rdi,0.639056,0.933962
4juz,4rzr,0.622529,0.906921
4rzr,1s9f,0.643074,0.93881
2asd,2asj,0.626617,0.82732
1s0n,4rzr,0.635001,0.908361
2rdi,2v9w,0.656949,0.944599
2rdi,4jv0,0.641005,0.934106
2rdi,4rua,0.637161,0.934445
2rdi,4ruc,0.641916,0.935586
2rdi,5edw,0.645992,0.9383
2rdi,2bqr,0.649084,0.938885
1s0o,2rdi,0.661078,0.941486
2rdi,1s0n,0.646796,0.939981
2rdi,1jxl,0.652498,0.943995
2rdi,4tqs,0.671392,0.95365
2rdi,4jv1,0.648512,0.941558
2rdi,6l84,0.665046,0.945678
1jxl,6vnp,0.659893,0.949054
2rdi,6vnp,0.646242,0.935159
2rdi,3pw0,0.643543,0.936472
2rdi,6vgm,0.648065,0.936367
2rdi,3pvx,0.634266,0.931862
2rdi,7kle,0.644812,0.938084
2rdi,1s9f,0.659022,0.942333
2rdi,4tqr,0.664492,0.947921
2rdi,1s0m,0.655447,0.939903
2rdi,7klf,0.649281,0.938844
2rdi,4qwc,0.639682,0.935457
2rdi,4qwa,0.649584,0.936681
2rdi,4qwd,0.651962,0.93829
2rdi,4qw8,0.643668,0.93405
2rdi,1ryr,0.654929,0.942375
2rdi,4qw9,0.641755,0.93529
2rdi,1s10,0.654017,0.939599
2rdi,3v6k,0.644186,0.941132
2rdi,6vkp,0.646975,0.935694
2rdi,4fbt,0.651551,0.940477
2rdi,4fbu,0.675413,0.950409
2rdi,4gc7,0.631459,0.931188
2rdi,4juz,0.641559,0.934741
2rdi,4jv2,0.649567,0.93854
1jx4,2rdi,0.661187,0.945867
2rdi,3t5h,0.644204,0.936845
2rdi,3v6j,0.649155,0.939131
2rdi,4qwe,0.656019,0.939211
2rdi,4g3i,0.670301,0.949251
2rdi,6vg6,0.645026,0.942297
1jxl,4fbu,0.673573,0.954061
1jxl,4g3i,0.65508,0.940161
2rdi,4gc7,0.636429,0.929524
2rdi,3v6h,0.649477,0.93816
2rdi,2rdj,0.660077,0.943464
2rdi,2ia6,0.652391,0.940799
1jxl,4rzr,0.640228,0.937533
1jx4,1jxl,0.638288,0.91677
1jx4,1n48,0.687693,0.963785
1jx4,1s0o,0.62397,0.908572
2rdi,1s97,0.66106,0.947511
1jx4,1s0n,0.690196,0.952266
2rdi,1rys,0.659827,0.946421
2rdi,2ago,0.646867,0.93732
2rdi,3qz8,0.651426,0.938662
2rdi,1n56,0.64365,0.936309
1jxl,5edw,0.637036,0.943231
1t3w,1t3w,0.709806,0.908383
3al2,3al3,0.656374,0.936538
1zxm,1zxn,0.633893,0.887611
1zxn,1zxm,0.638561,0.909636
6vvc,6vve,0.63666,0.87645
3dmk,3dmk,0.684002,0.933708
2au0,2atl,0.600035,0.779306
2dri,1urp,0.714036,0.900732
1urp,1urp,0.664617,0.929483
1urp,2dri,0.711548,0.897241
2dri,1urp,0.714172,0.900839
1urp,2dri,0.711548,0.897241
2dri,1urp,0.712778,0.901864
1kc1,1kc3,0.522789,0.691941
7d3e,7d3f,0.52522,0.638675
3fme,3enm,0.602223,0.869917
3m9w,3ma0,0.670168,0.794399
4gby,4ja4,0.624455,0.936965
2x2e,3zyc,0.64571,0.842452
2x2e,2x2e,0.634954,0.866793
1az3,1eoo,0.597675,0.714644
1rve,4rve,0.553766,0.665071
3cja,3cj1,0.594969,0.830861
4br4,4br9,0.621127,0.88967
2eia,1eia,0.646507,0.905205
2eia,1eia,0.630638,0.893893
2eia,2eia,0.691056,0.934092
2eia,1eia,0.630638,0.893893
2eia,1eia,0.646507,0.905205
1n0v,1n0u,0.676408,0.94459
1n0u,1n0v,0.679957,0.947274
1aip,1tfe,0.642893,0.729927
1exm,2xqd,0.623063,0.890073
1tui,1ob5,0.62438,0.927682
1efc,2bvn,0.644611,0.950258
1efc,1ob2,0.645327,0.938513
1b23,1tui,0.642114,0.935743
1exm,1ha3,0.660529,0.887768
4h9g,2c78,0.640918,0.901373
1xyo,1ref,0.526905,0.694191
2xdt,3qnf,0.694389,0.960884
5er2,4ape,0.604252,0.886352
4ape,5er2,0.604252,0.886352
4ape,4er2,0.587931,0.87475
4ape,4er2,0.587931,0.87475
4ape,1epp,0.583836,0.875749
1e9i,2fym,0.539969,0.669569
3h8a,1e9i,0.555212,0.705591
1one,1ebh,0.55841,0.703947
3rg2,3rg2,0.559939,0.838435
2chu,3zkw,0.559056,0.766494
1oan,1oke,0.533783,0.59142
2x10,2x11,0.730444,0.981364
2gs2,2gs6,0.553999,0.798624
1ivo,1mox,0.57441,0.87645
1ivo,1mox,0.615904,0.921191
1nql,1ivo,0.711607,0.967425
3ltf,3ltg,0.610048,0.828891
1nql,3njp,0.737348,0.978032
4bkj,3zos,0.62116,0.823731
1aoj,1i0c,0.767972,0.949761
1eer,1cn4,0.555186,0.854375
1eer,1eer,0.570644,0.878015
7ppz,6xki,0.724782,0.940421
3gpl,3gp8,0.652346,0.921428
1u6z,2flo,0.603314,0.897026
1t6c,1t6d,0.63602,0.912238
3icq,3ibv,0.789643,0.989202
4mlc,4q6b,0.593626,0.711904
6g7n,6g7q,0.584053,0.653583
1q0x,1q0y,0.690191,0.915784
1nbv,1cbv,0.577688,0.882322
4rea,4reb,0.679558,0.934442
1b56,4azm,0.771802,0.967086
1e2x,1h9g,0.659574,0.897358
1hw1,1h9g,0.657132,0.902454
1h9t,1h9g,0.613825,0.865336
5ncc,5ncc,0.535685,0.579046
5ncc,5ncc,0.541142,0.594131
3hhd,3hhd,0.662057,0.91505
3hhd,3hhd,0.65595,0.900065
1wdk,1wdl,0.667671,0.967395
1wdl,1wdl,0.71415,0.980765
1wdk,1wdl,0.692702,0.966802
2e31,2e32,0.629324,0.889574
1fnd,1fnb,0.535983,0.735671
3ab1,3ab1,0.663195,0.865258
3lhs,3li2,0.564194,0.777941
4fil,4fkm,0.636381,0.880102
3r5s,3r5t,0.658516,0.918714
2o5p,2iah,0.608046,0.760369
1ak1,1c1h,0.520411,0.761936
1r19,1r17,0.628607,0.930368
2pvf,8e1x,0.504118,0.678291
2cg6,2cg7,0.710362,0.938431
1pxy,1pxy,0.60492,0.744667
3usy,3usw,0.583788,0.845074
3usw,3usy,0.580882,0.850295
1qo8,1qo8,0.574455,0.823342
1d4c,1d4c,0.581838,0.839392
1d4c,1d4c,0.606192,0.845968
2fok,1fok,0.627762,0.902383
1jbv,1jbw,0.676256,0.930609
4iol,4iok,0.564709,0.735756
4iol,4iok,0.564709,0.735756
1eyi,1eyj,0.531622,0.75344
1lbv,1lbx,0.509359,0.708224
3o74,3o75,0.607245,0.834834
3p4p,6b58,0.542394,0.648326
5ea3,5ea5,0.548872,0.805068
3p0g,2rh1,0.52809,0.662137
3c4m,3c4m,0.627354,0.857941
4ueo,4uej,0.621329,0.829032
1gcg,3gbp,0.582161,0.735998
1gcg,1gca,0.599378,0.742366
1gcg,3ga5,0.619435,0.749927
6hup,6hug,0.632602,0.910741
6hup,6hug,0.603856,0.905925
6hup,6hug,0.581634,0.839528
4mqe,4ms3,0.633239,0.68189
4mqe,4ms4,0.632817,0.680482
4mqe,4mr9,0.588821,0.663543
4mqe,4mqf,0.583884,0.726745
4mqe,4mr7,0.58001,0.661719
4mqe,4ms3,0.606341,0.700714
1gdt,2rsl,0.69016,0.920887
1n7g,1n7g,0.572615,0.860492
4nc9,2gej,0.606664,0.841026
2gej,4nc9,0.54415,0.668433
4nc9,2gek,0.607202,0.835978
2gej,4nc9,0.541012,0.678496
2d3e,2d3e,0.726774,0.958439
6kr2,6kr3,0.644672,0.875832
1wmw,1wmw,0.587796,0.854096
1agq,1agq,0.673136,0.773978
1q18,1sz2,0.655013,0.878845
1knq,1ko5,0.552322,0.680067
1knq,1kof,0.538424,0.660564
1knq,1ko8,0.551909,0.715848
1dea,1fsf,0.570379,0.673977
1dea,1cd5,0.554603,0.659052
1hot,1cd5,0.554575,0.663673
1dea,1fs6,0.573358,0.643614
1jt9,1dea,0.564629,0.688911
1frz,1fs6,0.578125,0.669237
1jt9,1hot,0.559659,0.695222
1fqo,1fs6,0.578947,0.677432
2j5t,2j5v,0.624599,0.897022
1euz,1euz,0.63699,0.871004
1euz,1euz,0.644509,0.907658
1hrd,1hrd,0.636156,0.876553
1euz,1euz,0.664261,0.912196
1euz,1euz,0.640929,0.891765
1hrd,1hrd,0.613715,0.869753
5xvi,5xvi,0.666976,0.909782
1bvu,1bvu,0.63918,0.913377
1hrd,1hrd,0.606328,0.841503
1hrd,1bgv,0.659283,0.911154
5xvv,5xvv,0.675843,0.914257
2yfh,2yfh,0.60469,0.833867
1y20,1pbq,0.616347,0.770261
1y1z,1pbq,0.615197,0.769333
1y1m,1pbq,0.623093,0.798527
2ohg,2ohv,0.604772,0.769735
4u2r,4u2r,0.635659,0.758817
4u2r,4u2r,0.632007,0.749673
4u2r,4u2r,0.633893,0.730957
4u2r,4u2r,0.604038,0.735908
3bki,1fto,0.590893,0.747949
4u2r,4u2r,0.639917,0.74954
4u2r,4u2r,0.606537,0.746595
4u2q,4u2p,0.676951,0.88898
4u2r,3o6g,0.663344,0.772073
1my3,1fto,0.649957,0.77995
3bki,1ftj,0.650748,0.767856
1mqj,1ftj,0.600157,0.753546
1n0t,1mqj,0.66309,0.788543
3bki,1fto,0.621413,0.774676
3bki,1fto,0.616215,0.77667
1n0t,1ftj,0.646887,0.778587
1n0t,1wvj,0.659107,0.774732
2cmo,1n0t,0.61892,0.770198
2cmo,1n0t,0.619285,0.770196
3dp6,1fto,0.644212,0.772414
2cmo,1n0t,0.599009,0.764297
2cmo,1n0t,0.612111,0.769974
1mqj,1mqg,0.586663,0.67976
3bki,1ftj,0.64707,0.761026
3bki,1ftj,0.655399,0.772925
3bki,1ftj,0.650413,0.766987
3dln,3rt6,0.589751,0.769029
3dln,3dp4,0.574428,0.738991
3dln,3rt8,0.647815,0.751568
3en3,3epe,0.639987,0.77685
3fas,3fat,0.597378,0.749908
2v3t,5cc2,0.614869,0.754744
2v3t,2v3u,0.620653,0.752694
5cc2,2v3u,0.603108,0.730406
2f36,4qf9,0.651892,0.804122
2znu,3fv2,0.611919,0.782994
3s2v,3gba,0.657339,0.800675
3s2v,1txf,0.671999,0.811276
4qf9,4e0x,0.647349,0.799052
3s2v,3gba,0.655454,0.798244
2f36,2f35,0.644594,0.79698
2f36,2f34,0.656739,0.799289
3s2v,2pbw,0.6459,0.796546
3s2v,2pbw,0.646663,0.803727
3s2v,2wky,0.651645,0.795684
3s2v,2f36,0.659462,0.807583
3s2v,2f36,0.647374,0.795074
3s2v,2f36,0.666743,0.813633
3s2v,2qs3,0.579697,0.757188
3s2v,2qs3,0.581227,0.762604
3s2v,2qs2,0.584351,0.78041
3s2v,2qs2,0.584191,0.780498
3s2v,3c36,0.64402,0.792428
3s2v,3c36,0.641561,0.792409
3s2v,3c35,0.642775,0.793794
3s2v,3c35,0.640752,0.793578
3s2v,3c31,0.637204,0.79306
2qs4,2f36,0.63862,0.774318
2qs4,2f36,0.636562,0.774341
2qs4,2f36,0.636209,0.775039
3s2v,4qf9,0.615917,0.795645
6jfz,6jfy,0.667703,0.915064
3s2v,3gba,0.662816,0.80504
6jfz,6jfy,0.660803,0.917236
2f36,2f35,0.645783,0.796941
2f36,5nf5,0.615252,0.748456
2f36,3c33,0.613464,0.738985
2f36,3c32,0.610358,0.736302
2f36,4dld,0.621432,0.746072
2f36,4dld,0.611833,0.734972
2f36,2pbw,0.612344,0.739541
4e0x,3gba,0.634694,0.806121
2f36,2pbw,0.612455,0.745594
2f36,2f34,0.652884,0.79878
4e0x,3gba,0.639555,0.818086
4e0x,3gba,0.624822,0.787627
2f36,3c31,0.611142,0.733764
2f36,3c32,0.607064,0.728769
4e0x,3gba,0.626992,0.784298
4e0x,2qs4,0.654003,0.79689
4e0x,2qs3,0.634992,0.791912
4e0x,2qs3,0.633243,0.791887
3s2v,4dld,0.63443,0.791839
4e0x,2qs2,0.632627,0.791436
4e0x,2qs1,0.629907,0.786632
4e0x,2qs1,0.628482,0.784998
4e0x,2pbw,0.612677,0.761077
3s2v,2ojt,0.59047,0.779049
4e0x,2pbw,0.611924,0.764923
4e0x,2f35,0.629939,0.790109
4e0x,2f35,0.633145,0.790014
4e0x,1vso,0.644386,0.769359
3s2v,3gbb,0.659688,0.80904
4e0x,3gbb,0.623202,0.794772
4e0x,2f34,0.637485,0.793378
2f36,5m2v,0.600542,0.727597
1vso,2f36,0.644084,0.759934
3s2v,3gbb,0.660658,0.80542
2f36,2qs3,0.648225,0.798297
4e0x,2qs4,0.656886,0.798474
2f36,2qs2,0.644884,0.79589
2f36,2qs1,0.645976,0.793257
3c31,2f36,0.611519,0.738402
3s2v,2wky,0.648033,0.798066
2f36,4qf9,0.65303,0.803048
3s2v,3c33,0.641343,0.792857
3s2v,3c34,0.64735,0.793313
3s2v,3c34,0.642868,0.79284
3s2v,3c32,0.643802,0.795379
3s2v,4qf9,0.630586,0.80624
2f36,3c34,0.611833,0.736435
3s2v,3c32,0.640659,0.793736
2f36,4e0x,0.599223,0.727118
2f36,4e0x,0.601167,0.716747
2f36,2f35,0.647088,0.80124
2f36,2f35,0.63004,0.791557
2f36,2f35,0.653814,0.808454
3s2v,3s2v,0.599514,0.768224
3s2v,1vso,0.623984,0.7715
3s2v,2qs4,0.632478,0.821779
3s2v,2qs4,0.643171,0.807445
3s2v,2f35,0.589227,0.80018
3s2v,2f35,0.589514,0.795721
3s2v,2f34,0.592574,0.778471
3s2v,2f34,0.596494,0.779077
3s2v,2qs1,0.622661,0.805353
3s2v,2qs1,0.628271,0.805975
3s2v,4e0x,0.646586,0.801765
3s2v,4e0x,0.649466,0.796195
3s2v,3gba,0.660141,0.804315
2f36,4qf9,0.636434,0.779665
2f36,4qf9,0.634088,0.785581
2f36,4qf9,0.651724,0.803091
3c32,2qs4,0.646074,0.782512
2f36,2ojt,0.646651,0.797122
3c32,2qs3,0.631299,0.789933
3c32,2qs2,0.626645,0.78721
3c32,2qs1,0.624287,0.779171
2f36,2ojt,0.646779,0.797863
2f36,4e0x,0.621588,0.783371
3s2v,2f36,0.635642,0.776155
3s2v,2f36,0.660205,0.798633
3s2v,4dld,0.640036,0.79101
3s2v,2qs4,0.625339,0.810433
3s2v,2ojt,0.582884,0.773128
3s2v,3c31,0.638947,0.792018
3s2v,3c33,0.645171,0.793718
6fz4,2f36,0.638846,0.788809
2xxr,1yae,0.636835,0.825046
2xxr,2xxt,0.632591,0.771681
4h8i,4h8i,0.652574,0.789877
4kcc,1y1z,0.647786,0.78568
4kcc,1pbq,0.66282,0.827971
4kcc,1y1m,0.630387,0.765971
4nf4,4nf8,0.627557,0.787252
4kcc,4nf8,0.648218,0.792038
4nf5,4nf6,0.558552,0.771735
4kcc,4nf6,0.638218,0.785552
4kcc,4nf5,0.647493,0.800626
4kcc,4kfq,0.631186,0.77004
4kcc,4nf4,0.609375,0.780314
4kcc,2a5t,0.655955,0.801761
2a5t,4nf4,0.630231,0.797283
4kcc,1y20,0.646924,0.787297
4nf5,4nf8,0.649148,0.777114
4nf5,4nf6,0.621853,0.780506
4nf5,4nf4,0.641663,0.786752
4nf5,4jwx,0.622441,0.785436
4nf5,2a5s,0.630656,0.787488
4nf5,2a5t,0.649759,0.781568
1ftm,1my3,0.572015,0.665167
2cmo,1n0t,0.651508,0.780377
2cmo,1n0t,0.651569,0.774616
2cmo,1n0t,0.653484,0.778888
1ftj,2cmo,0.637646,0.770317
1ftm,1my3,0.619944,0.77494
1ftm,1my4,0.587609,0.759831
1ftm,1my4,0.57847,0.697443
1ftj,1my4,0.585498,0.734972
1ftj,1mqg,0.59883,0.75887
1ftj,1mqi,0.608874,0.777794
1ftj,1n0t,0.651569,0.773371
1ftj,1n0t,0.643148,0.772214
1txf,1vso,0.647141,0.77946
1txf,2qs4,0.639317,0.7873
1txf,2qs4,0.638468,0.78605
1txf,2qs4,0.646141,0.789694
1txf,2qs4,0.649602,0.790066
1txf,2qs3,0.646826,0.803934
1txf,2qs3,0.649471,0.803025
1txf,2qs2,0.64872,0.802395
1fto,1my4,0.644759,0.775473
1txf,2qs2,0.648361,0.802454
1txf,2qs1,0.644965,0.800051
1txf,2qs1,0.642419,0.796874
1ftj,1my3,0.622749,0.796365
1ftj,1my4,0.625886,0.798671
1ftj,1mqg,0.620698,0.768955
1ftj,1mqj,0.623594,0.775538
1txf,2f35,0.644835,0.803075
1txf,2f34,0.659886,0.805665
1txf,2f34,0.658254,0.804934
1mqi,1mqg,0.591661,0.737602
1ftm,1fto,0.645489,0.770733
1ftm,1my3,0.605647,0.744063
1fw0,1ftm,0.624529,0.769987
1fto,1mqg,0.611108,0.724268
1ftj,1ftl,0.651721,0.770093
1ftj,1n0t,0.643452,0.764737
1ftj,1n0t,0.650444,0.775297
3b7d,1ftj,0.639309,0.785148
3b7d,1ftj,0.643817,0.77498
3b7d,1ftj,0.638826,0.785093
3b7d,1ftj,0.643652,0.775288
3b7d,1ftj,0.63967,0.785623
3b7d,1ftj,0.644486,0.77461
3b7d,1ftj,0.639158,0.785063
3b7d,1ftj,0.642958,0.774917
1fto,1my2,0.639439,0.774424
1fto,1my3,0.642996,0.773668
1fto,2al4,0.645671,0.774717
1fto,2al4,0.647039,0.778908
1fto,2al4,0.648589,0.781279
1fto,2al5,0.657192,0.780959
1fto,2al5,0.657162,0.78106
1fto,1n0t,0.607581,0.765165
1fto,1mqi,0.653605,0.77681
1fto,1mqg,0.616032,0.737285
1fw0,1fto,0.627341,0.761263
1fto,2cmo,0.643969,0.778785
1fto,1ftm,0.638163,0.772877
1ftj,1fto,0.646553,0.77354
1fto,1mm6,0.646918,0.780698
1fto,1mm6,0.64254,0.774868
1fto,1mxu,0.643027,0.774851
1fto,1mqj,0.665126,0.788186
1fto,1mqg,0.659107,0.780274
1fto,1wvj,0.648438,0.77315
1fto,2al4,0.645458,0.774702
1fto,2cmo,0.578216,0.678808
1fto,1mm7,0.648833,0.780042
1fto,1m5e,0.647313,0.770866
1fto,1m5b,0.649319,0.782262
1fto,1m5e,0.641598,0.768558
1fto,1m5b,0.644729,0.778132
1fto,1ftl,0.613388,0.762472
1fto,1ftj,0.650717,0.778724
1fto,1ftm,0.646006,0.776892
1mqg,1mqg,0.605878,0.774408
2cmo,2cmo,0.638801,0.772715
1fto,1mm7,0.650839,0.779181
1fto,1ftj,0.641294,0.773082
1fto,1mm7,0.646097,0.773914
1fto,1m5c,0.659138,0.780483
1fto,1m5e,0.638223,0.77044
1fto,1m5b,0.646158,0.780808
1fto,1ftm,0.64558,0.776266
1fto,1ftl,0.601015,0.739046
1fto,1ftj,0.65017,0.779277
1fto,1mqg,0.65169,0.774307
1fto,1my4,0.656311,0.783263
1fto,1my4,0.650839,0.779005
1fto,1mqi,0.652754,0.769526
1ftj,1fto,0.650626,0.769
1s7y,4h8i,0.642677,0.784116
1s7y,4h8i,0.597163,0.730236
1fto,3b7d,0.598036,0.728976
1fto,3b7d,0.608949,0.718604
1fto,1ftm,0.643118,0.771015
1tt1,1s50,0.626104,0.798095
1tt1,1s7y,0.62655,0.81243
1ftj,1ftl,0.646766,0.769792
1fto,1ftm,0.638254,0.773175
1fto,3b7d,0.607277,0.718413
1fto,3b7d,0.599374,0.729672
1fto,3b7d,0.608706,0.718494
1fto,3b7d,0.600103,0.729856
1fto,3b7d,0.608585,0.71827
1fto,3b7d,0.598735,0.729401
1ftj,1fto,0.65017,0.779277
1my3,1fto,0.650991,0.778075
1fto,1fto,0.624939,0.791643
1fw0,1ftj,0.621693,0.770558
1ftm,1my4,0.622387,0.779981
2cmo,1n0t,0.656706,0.786733
4kpt,6fxg,0.661011,0.75573
4la9,6fxg,0.662778,0.759658
4kpt,6fxg,0.665616,0.761143
4kpt,4la9,0.552256,0.601639
1ggg,1wdn,0.640805,0.759685
1wdn,1ggg,0.641469,0.761334
6r4e,6r4e,0.656116,0.946291
1ecc,1ecf,0.504115,0.695049
1nyl,1o0b,0.601503,0.824055
1nyl,1o0c,0.580507,0.811675
1nyl,1gtr,0.597269,0.825789
1nyl,1qtq,0.598353,0.816863
1euy,1nyl,0.592221,0.828372
1g59,1gln,0.62417,0.888953
1g59,1gln,0.62417,0.888953
1n77,1n75,0.642288,0.843227
4ai6,4ai6,0.589979,0.81338
1m0w,1m0t,0.544004,0.788329
1dc6,1gad,0.582587,0.836433
5jyf,5jy6,0.624183,0.875607
3lc7,3lc2,0.584591,0.804553
1coz,1n1d,0.596317,0.653421
1jqa,1jq5,0.540813,0.731736
1glj,1glj,0.624771,0.853166
2p3r,2p3r,0.597637,0.830204
1bwf,1bwf,0.629444,0.864396
2p3r,2p3r,0.586756,0.82386
2b4l,2b4m,0.659667,0.863365
3ppo,3ppn,0.622608,0.744146
3ppn,3ppp,0.625169,0.740301
1bhj,1nbh,0.618015,0.858103
3jad,3jae,0.618341,0.901993
3jae,3jaf,0.543641,0.76931
3jad,3jae,0.618341,0.90199
3jaf,3jad,0.608397,0.887574
3jad,3jae,0.618288,0.901995
1gpb,1gpa,0.534428,0.686274
1gpa,8gpb,0.54138,0.733164
9gpb,1gpb,0.537848,0.706692
1gpa,8gpb,0.530771,0.661573
1gpb,1gpa,0.524974,0.659817
1gpb,1gpa,0.539262,0.735017
1gpb,1gpa,0.534428,0.686274
3nb0,4kq1,0.654616,0.882984
5e9t,5e9u,0.619475,0.921754
1pnv,1pnv,0.658009,0.903037
1pn3,1pn3,0.656114,0.913877
4rie,4rif,0.548118,0.774531
2pme,2zt6,0.611538,0.838296
2pme,2zt5,0.618288,0.842987
2pme,2zt7,0.611294,0.83765
2gcg,2wwr,0.609281,0.875727
2wwr,2gcg,0.600829,0.853257
2wwr,2wwr,0.626075,0.857569
2gcg,2wwr,0.62202,0.853809
2gcg,2wwr,0.616116,0.842652
2gcg,2wwr,0.618129,0.828951
3syq,3syp,0.641858,0.914736
1xck,1aon,0.612008,0.715788
2c7e,2c7e,0.641541,0.764099
1aon,1aon,0.607724,0.714172
1aon,1aon,0.606389,0.714066
1aon,1aon,0.606454,0.713788
1kp8,1kp8,0.641192,0.71432
1gr5,2c7e,0.660309,0.807642
1ss8,1sx3,0.642382,0.777299
1gri,1fyr,0.66271,0.862755
1fyr,1fyr,0.719373,0.894147
1fyr,2h5k,0.697872,0.897708
4kqm,4kqm,0.655847,0.890133
3cb4,3cb4,0.647234,0.922594
3cb4,3cb4,0.675347,0.932474
2b18,2gx5,0.579975,0.679681
1agr,1gp2,0.602278,0.774162
3sn6,1azt,0.69185,0.929455
2f3t,2f3t,0.607065,0.839165
1s96,2an9,0.629257,0.796784
1s96,2f3r,0.626751,0.775933
2anb,2f3t,0.581891,0.693048
1ex6,1gky,0.608486,0.79562
1s96,2f3r,0.617552,0.772428
1s96,2anb,0.588844,0.67938
1s96,2anb,0.590478,0.67387
1s96,2an9,0.630273,0.793488
1ex6,1ex7,0.609009,0.798334
4prv,4pu9,0.609388,0.88843
4qjb,4qjb,0.634226,0.726822
3o8b,3o8r,0.532722,0.606497
1do0,1do0,0.608149,0.77528
1do0,1do0,0.58465,0.711077
1do0,1do0,0.609086,0.715787
5ggr,5ggq,0.637614,0.927605
1pjr,2pjr,0.706976,0.936287
1pjr,3pjr,0.651926,0.873449
2pjr,3pjr,0.569731,0.745264
1je5,1je5,0.563123,0.687927
1htm,3hmg,0.699581,0.846715
1hgf,1htm,0.701754,0.846795
1htm,2viu,0.691723,0.846185
1htm,3hmg,0.688658,0.846434
1htm,3hmg,0.689857,0.846293
1ken,1htm,0.68266,0.846399
1ken,1htm,0.695078,0.846571
1irm,1ix3,0.568545,0.718295
3nu1,3md9,0.623094,0.892586
1abw,1aby,0.68471,0.934526
1jmj,1jmo,0.525189,0.757265
3eas,3eaq,0.648254,0.888439
3eas,3eaq,0.56377,0.783122
3eas,3eaq,0.643909,0.886011
2e2o,2e2q,0.605151,0.826485
2e2n,2e2o,0.680677,0.875277
3o4w,3o6w,0.577313,0.714205
2e2n,2e2q,0.672149,0.872764
2prs,2ps9,0.530445,0.717758
2ps3,2prs,0.525615,0.725715
2ps3,2ps0,0.51904,0.727039
2prs,2ps0,0.514788,0.672544
2ps3,2ps0,0.503905,0.667491
1hia,1bx7,0.663121,0.866312
4u7n,4u7o,0.663888,0.891092
4uy5,4uy6,0.586851,0.664425
3cq5,3cq6,0.598435,0.837377
3cq4,3cq5,0.542764,0.809003
3cq4,3cq6,0.54197,0.816757
1kx5,1kx5,0.645992,0.886938
1hsi,1hsh,0.57617,0.643148
3rl1,3rl2,0.649715,0.906948
1ebf,1ebf,0.566092,0.832569
2ejw,6a0s,0.483933,0.630925
1rku,1rkv,0.556855,0.766373
1kq1,1kq2,0.629944,0.79597
4l7z,4l80,0.633454,0.900039
4l7z,4l80,0.640734,0.905539
4l7z,4l80,0.633052,0.89774
4l7z,4l80,0.641383,0.895505
4l7z,4l80,0.632346,0.890013
1q14,1q1a,0.574414,0.703133
2f97,2f78,0.615116,0.701679
2f7a,2f7a,0.577952,0.704222
2f7b,2f7c,0.580141,0.695431
4wls,4wlw,0.762201,0.958964
3gn5,3o9x,0.713625,0.92379
3eiw,3li2,0.563347,0.768209
1hcl,3py1,0.55246,0.675889
6bmn,6bmn,0.542969,0.568076
6bml,6bml,0.551084,0.625057
1dlo,1dlo,0.652151,0.916473
1dlo,1bqm,0.543276,0.673157
1dlo,2hmi,0.524895,0.664946
1bm0,1e7h,0.708065,0.945675
1bm0,8ey5,0.701247,0.948867
1bj5,1bm0,0.7071,0.948908
1bj5,1ao6,0.705433,0.949506
6g1d,6g1d,0.68717,0.89578
3ba1,3baz,0.593735,0.768743
1nxu,1s20,0.560097,0.693028
1oj7,1oj7,0.674985,0.920447
1v71,2zr8,0.569847,0.721503
1wtc,2zr8,0.554034,0.699312
2fsj,2fsk,0.61282,0.818603
2fsj,2fsn,0.589193,0.833804
1jt0,1jup,0.673467,0.852779
1jt0,1jus,0.693395,0.867638
1jt0,1jum,0.67306,0.849627
1jt0,1jt6,0.686777,0.858161
1jt0,1rkw,0.674223,0.853513
1jt0,1jtx,0.677129,0.855434
1jt0,1rpw,0.626271,0.876112
1jt0,1jum,0.68794,0.862833
1jum,1jt0,0.682374,0.863476
1jt0,1jus,0.679081,0.856324
1jty,1jt0,0.669747,0.846593
1jt0,2dtz,0.672479,0.851392
1gz0,1gz0,0.669311,0.920669
1z7g,1hmp,0.537525,0.592973
1mkm,1mkm,0.653858,0.912461
4j4p,1o0v,0.675025,0.933139
1q0x,1q0y,0.582544,0.898041
1ggc,1ggi,0.623787,0.90619
1hil,1him,0.615076,0.886409
1igt,1igt,0.707041,0.976448
1igt,1igt,0.62823,0.923348
3ay4,2dts,0.58314,0.860455
3ay4,4w4o,0.616293,0.869184
1i1c,1i1a,0.623625,0.91534
2a6i,2a6j,0.628801,0.914468
4d3d,4d3f,0.668372,0.940298
5g6r,5g6s,0.642252,0.911906
2mcg,2mcg,0.64586,0.941991
1o0v,4j4p,0.707149,0.966768
2vis,1gig,0.655092,0.927856
1jvk,1jvk,0.624369,0.913483
2bku,2bpt,0.759447,0.960943
1ukl,1ukl,0.586768,0.877608
5tbk,6bvz,0.752087,0.984632
6bvz,6wx8,0.744336,0.984641
3lww,3lww,0.700909,0.963434
3quq,3qu2,0.602879,0.842765
3d63,3gvf,0.521777,0.696862
1i40,1i6t,0.520657,0.58262
3quq,3qx7,0.610826,0.834682
2car,2j4e,0.602532,0.806089
3nt2,3mz0,0.605713,0.900363
3nt2,3mz0,0.621533,0.881765
2czk,2czh,0.491985,0.586168
6jk8,6jk8,0.700071,0.934802
7s0q,7xgd,0.693174,0.919904
7u23,7v3p,0.68467,0.887028
1lbh,1efa,0.640226,0.854014
1lbh,1lbh,0.567041,0.672855
1lbh,1lbh,0.550046,0.647258
1tye,1jv2,0.673518,0.837033
3fcs,3fcu,0.695919,0.787662
1d9c,1d9g,0.622865,0.813567
2a1a,2a19,0.608594,0.885197
2a1a,2a19,0.647404,0.894201
1itb,1g0y,0.611943,0.892429
4jzj,4jzj,0.702041,0.942358
6lsu,6lst,0.670539,0.917884
1a74,1evx,0.580247,0.683671
2f35,1txf,0.647251,0.8032
2f35,1vso,0.62419,0.787923
2f35,2pbw,0.622796,0.790873
2qs1,2f36,0.643116,0.790564
2qs3,2f36,0.646201,0.797583
2qs2,2f36,0.644659,0.796312
2qs4,2f36,0.641132,0.770956
2f34,3c32,0.634295,0.789939
2f34,3c32,0.634327,0.79151
2f35,3c32,0.626773,0.787874
2f35,3c32,0.625052,0.784532
2f35,3c31,0.617339,0.779711
2f35,3c31,0.6189,0.781616
2f35,3c33,0.624988,0.784339
2f35,3c33,0.623458,0.784915
2f35,3c34,0.626072,0.783805
2f35,3c34,0.624032,0.785242
2f35,3c35,0.624574,0.785016
2f35,3c35,0.630215,0.789327
2f35,3c36,0.622884,0.781711
2f35,3c36,0.625179,0.785422
2f35,2wky,0.625689,0.786127
2f35,3gba,0.645769,0.798191
2f35,3gba,0.643251,0.798139
2f35,3gba,0.64537,0.797913
2f35,3gbb,0.642199,0.797483
2f35,2qs4,0.587633,0.705371
2f35,2qs1,0.628685,0.772803
2f35,2wky,0.625052,0.786508
2f35,2pbw,0.6211,0.785872
2f35,3gba,0.644933,0.798863
2f35,3gbb,0.639267,0.80231
2f35,2qs1,0.621355,0.771143
2qs1,2qs2,0.62043,0.765906
4elo,4elr,0.627311,0.716176
1q35,1si1,0.651218,0.798139
1si0,1si1,0.657083,0.788024
1q35,1si0,0.581559,0.632884
1kmp,1kmo,0.455586,0.697158
1pnz,1kmp,0.429725,0.686329
2pt2,2pt1,0.62397,0.7547
2why,2wi8,0.703915,0.949236
1d9v,1mrp,0.628945,0.722573
1d9v,1mrp,0.628945,0.722573
3log,6za4,0.545422,0.680975
1sjs,4icd,0.646654,0.773162
1sjs,4aj3,0.641092,0.775135
1sjs,9icd,0.648384,0.773891
4ajr,4ajs,0.593598,0.764824
1sjs,3icd,0.646103,0.773915
2qfx,2qfw,0.603878,0.765242
1t0l,1t09,0.608953,0.73394
3inm,3map,0.638885,0.731256
1qu3,1ffy,0.565022,0.767111
2gf7,2gfa,0.64509,0.78352
2ot8,2ot8,0.701851,0.947228
3b3l,3b3l,0.495488,0.792457
3nbv,3nbv,0.527943,0.811341
3ulk,1yrl,0.64895,0.917724
6kpa,6kph,0.668606,0.913856
2ofp,2ofp,0.658002,0.941031
1bg2,1mkj,0.578986,0.832329
1q0b,1ii6,0.513973,0.713466
2qks,2qks,0.66648,0.923117
7ysw,7ysu,0.545716,0.764575
7ysh,5w21,0.535473,0.750683
7ysw,5w21,0.537768,0.739087
4j90,4j91,0.652224,0.933088
1l8l,1l8o,0.51119,0.691593
1efa,1efa,0.616674,0.84392
1lbi,1lbi,0.553733,0.727818
1pjb,1pjc,0.480825,0.643486
2fm1,2fm1,0.643292,0.862603
3ktq,4ktq,0.528116,0.678475
1uln,1uha,0.711232,0.949733
1uha,1ulm,0.672087,0.941979
1yqy,1pwv,0.572535,0.862312
1yqy,1jky,0.56169,0.839394
1j7n,1yqy,0.569211,0.834231
1g0x,1p7q,0.61034,0.889512
1h3n,1obc,0.545244,0.672613
1z15,1z17,0.682267,0.783211
1z15,1z16,0.682894,0.789628
1z15,1z18,0.675927,0.780265
1ygu,1ygu,0.611291,0.94632
5ggr,5ggq,0.638276,0.923446
5ysb,5ysf,0.621116,0.712426
5ysb,5yse,0.623901,0.722483
5ysb,5ysd,0.623121,0.7111
6mfz,5es5,0.669811,0.912826
6mfz,6mfz,0.607464,0.883326
1trh,1lpm,0.504444,0.778151
1crl,1trh,0.510438,0.808236
2es4,2es4,0.599533,0.79807
5n7z,6y6i,0.609621,0.905504
6y6g,6y6i,0.636625,0.920329
5n7z,5n80,0.616325,0.914317
2h1h,2gt1,0.579052,0.807049
2h1h,2gt1,0.609362,0.841628
2gt1,2h1f,0.663924,0.941447
8adh,2ohx,0.615805,0.841864
8adh,6adh,0.596307,0.817288
6adh,8adh,0.596307,0.817288
6adh,7adh,0.588579,0.806209
1a71,1a72,0.612794,0.842573
2v6m,2v7p,0.549763,0.649707
1bjm,1bjm,0.631037,0.921125
3bjl,1bjm,0.621995,0.915721
3bjl,3bjl,0.618996,0.901993
4bjl,1bjm,0.675549,0.953627
4bjl,4bjl,0.627907,0.917379
1ult,1v25,0.532398,0.725476
1ult,1v26,0.564669,0.770688
1ult,1v25,0.581103,0.81358
1ba3,1lci,0.593342,0.883645
1lci,1ba3,0.593342,0.883645
4ava,4avb,0.651249,0.836842
2lao,1laf,0.672304,0.776008
2lao,1lst,0.675566,0.777712
2lao,1lst,0.675566,0.777712
1lah,2lao,0.671773,0.777065
1laf,2lao,0.672304,0.776008
1lag,2lao,0.671808,0.776876
1lst,2lao,0.675566,0.777712
2j0x,2j0w,0.656223,0.935428
2dw4,2uxn,0.541289,0.657977
2dw4,2iw5,0.542492,0.669037
2uxx,2z5u,0.544462,0.671105
1jse,1lzy,0.576066,0.685915
150l,150l,0.61483,0.837561
1l96,1l97,0.711602,0.934049
150l,150l,0.704164,0.94224
150l,150l,0.708381,0.942459
150l,150l,0.712675,0.939252
3fxq,3fzj,0.650962,0.875599
5ae5,5ae5,0.657178,0.880597
1ixc,1iz1,0.631433,0.873714
1iz1,1iz1,0.724097,0.918671
1ldm,6ldh,0.480002,0.5864
1kwh,1j1n,0.632284,0.703324
1go4,1go4,0.865009,0.990397
4p0u,4p0e,0.587211,0.695244
4p0u,4p0e,0.622552,0.781255
1ok8,1oke,0.739189,0.915572
1ok8,1oan,0.742202,0.919063
3hak,3hj5,0.701417,0.903996
3hak,3haf,0.707723,0.903247
3hak,3hj5,0.710099,0.899298
3hl0,3hl0,0.658812,0.89646
3mbp,1jw4,0.628624,0.697429
1lls,3mbp,0.630074,0.69909
1lls,1anf,0.630894,0.698957
2gha,2ghb,0.640669,0.697396
2gha,2ghb,0.634742,0.7031
2gha,2ghb,0.64248,0.702103
1nl5,1peb,0.62346,0.707795
5edu,5edu,0.664814,0.935711
6dtt,6dts,0.637479,0.711978
6dtq,6dtr,0.619123,0.706529
2xd2,2xd3,0.629062,0.70579
3rlf,3pv0,0.591518,0.684337
1q12,1q1b,0.583285,0.762834
1q1e,1q12,0.632569,0.822572
1q1e,1q1b,0.618067,0.823005
1q12,2awo,0.636693,0.888125
1g29,1g29,0.601861,0.750874
2r6g,3puz,0.648571,0.842227
2r6g,3pv0,0.642248,0.826362
2r6g,3fh6,0.653616,0.853878
5hx7,5jpd,0.614743,0.886455
5hx7,5i4k,0.621668,0.897697
1k23,1wpm,0.695804,0.941786
1k23,1k23,0.678511,0.943492
1lj8,1m2w,0.605977,0.85726
1lj8,1m2w,0.626377,0.891663
2x65,2x5s,0.514454,0.653532
1nxk,1ny3,0.604448,0.894414
1dcl,1dcl,0.646856,0.938823
1ckl,1ckl,0.661714,0.927821
5kzq,5kzn,0.659214,0.724519
6n52,6n51,0.663202,0.850136
6n52,6n51,0.66323,0.850138
3mq4,5c5c,0.57664,0.618728
1ewt,1isr,0.61737,0.664936
1ewk,1ewk,0.621315,0.677
1iss,1ewk,0.616081,0.656604
2e4u,2e4y,0.575855,0.689191
1ewk,1ewt,0.599109,0.702501
1ewk,1ewt,0.614384,0.658482
1ewk,1ewt,0.586601,0.638274
2e4u,2e4u,0.61309,0.767945
1ewt,1ewt,0.589233,0.677171
1ewv,1ewv,0.615552,0.665888
1ewv,1ewk,0.612386,0.673616
1ewv,1ewk,0.583823,0.685806
1ewt,1ewv,0.610259,0.66006
1ewt,1ewv,0.565956,0.633085
4xar,6b7h,0.516152,0.600256
1iss,1ewv,0.603867,0.658004
1iss,1ewv,0.556997,0.630405
1isr,1ewk,0.630473,0.685941
1ewk,1ewt,0.614793,0.669807
4xar,5cnm,0.610422,0.681298
1ewt,1iss,0.542413,0.648674
3hwk,3hwk,0.582645,0.80977
1dib,1a4i,0.651198,0.911048
1lu9,1lua,0.626739,0.758086
2xij,2xiq,0.626294,0.793168
5f8c,5f8f,0.633958,0.77884
5f8c,5f8e,0.612588,0.727732
4kif,4kic,0.626639,0.739979
2yvy,2yvz,0.721008,0.967031
1vac,2mha,0.67669,0.913384
1akj,2clr,0.631586,0.899158
2v1t,2v1s,0.701923,0.905932
3lfb,3gcp,0.613183,0.816914
3lfb,3iw5,0.609971,0.767291
1wfc,3e93,0.588208,0.840494
1kmz,1kll,0.669151,0.923917
2onk,2onk,0.635146,0.927397
1h9k,1h9m,0.650355,0.894163
1mdt,1ddt,0.664198,0.95256
1mdt,1ddt,0.664198,0.95256
1ckm,1ckm,0.622669,0.860027
1ckm,1ckn,0.634459,0.867644
1cko,1ckm,0.62211,0.867355
1st0,1st0,0.646738,0.937705
3nm4,3nm5,0.557496,0.660998
1nc1,1jys,0.574828,0.777315
1jys,1nc3,0.581475,0.779081
1vf7,1t5e,0.603953,0.799107
5h3r,3vod,0.706209,0.889996
2azo,2azo,0.615609,0.820986
1b63,1bkn,0.590135,0.82828
1r2y,1r2z,0.560493,0.854604
1br2,1br1,0.578389,0.81701
1br1,1br1,0.627689,0.926743
1br1,1br1,0.557452,0.721141
1br2,1br1,0.576678,0.826698
1br1,1br1,0.54397,0.711002
1br1,1br1,0.639548,0.907294
1br4,1br1,0.619599,0.854416
1br2,1br4,0.579053,0.813487
1br1,1br1,0.62107,0.925833
1br1,1br1,0.562396,0.75803
1b7t,1dfk,0.732831,0.920063
1dfl,1sr6,0.683504,0.882086
1dfl,1kk7,0.675743,0.883683
1dfk,1dfl,0.704298,0.865256
3i5h,3i5f,0.625907,0.777019
1qvi,1sr6,0.680144,0.861526
1qvi,1kk7,0.671701,0.863217
1kk8,1qvi,0.680089,0.913599
1m46,1n2d,0.728637,0.95862
1oe9,1w7j,0.596657,0.768841
1kk8,1qvi,0.669065,0.914993
1w7j,1oe9,0.643203,0.806983
2a38,2a38,0.693019,0.934477
2f8v,2a38,0.704657,0.936832
2a2c,2a2d,0.535245,0.800282
1hm0,1hm9,0.593094,0.791419
1r37,1jvb,0.622541,0.769312
3gls,3glu,0.629911,0.812718
3gls,3glt,0.593434,0.795199
3gls,3glt,0.590626,0.800202
3glu,3gls,0.604692,0.780741
3gls,3glr,0.629992,0.815896
3gls,3glt,0.610565,0.809951
2b4y,3riy,0.600347,0.738249
3k35,3zg6,0.504532,0.568443
3wmx,3wmx,0.503976,0.634617
3wmx,3wmw,0.560666,0.73417
3wmx,3wmw,0.581227,0.831741
3wmx,3wmx,0.572761,0.834188
2nad,2nac,0.603418,0.819221
2nac,2nad,0.61255,0.829846
2nac,2nac,0.577397,0.802336
2nad,2nac,0.606558,0.825389
2nac,2nad,0.606801,0.825057
1qr6,1efk,0.624545,0.826403
1vk6,2gb5,0.69303,0.960741
2b0t,3mbc,0.637139,0.788076
1itw,1j1w,0.615684,0.787512
2b0t,3mbc,0.5684,0.740721
1xx5,1xx5,0.589958,0.757006
3n5f,3n5f,0.646804,0.860203
3g79,3g79,0.650029,0.933078
3tsa,3uyk,0.53442,0.774821
2wim,2wim,0.593156,0.92005
5yhg,5yh5,0.632595,0.878125
5yh8,5yh5,0.633355,0.879072
1uiu,1uiv,0.627216,0.90221
1zlq,1zlq,0.596228,0.837027
1l7d,2oo5,0.5647,0.765575
2g95,2g97,0.546691,0.659779
2g95,2g96,0.548349,0.661301
2g95,2g96,0.545425,0.661544
2g95,2g97,0.543581,0.655928
2g95,2g97,0.548715,0.679559
6buv,4ybr,0.44243,0.645159
4oer,4oes,0.640518,0.878601
1rnl,1je8,0.685564,0.885118
1rnl,1je8,0.687317,0.894568
1a04,1zg5,0.655402,0.834833
1a04,1a04,0.6077,0.898282
1a04,1je8,0.647721,0.842247
1a04,1zg5,0.651306,0.826966
1df1,1df1,0.53614,0.704747
2eyt,2eys,0.675878,0.914726
5v3h,4ynd,0.643962,0.848882
1pb7,4kcc,0.652335,0.793595
1pb7,1y1m,0.622578,0.787692
1pbq,1pbq,0.626415,0.842131
1pb7,4nf4,0.628826,0.791128
1pbq,1pb7,0.632685,0.777199
1pb7,1pbq,0.623112,0.775594
1pb7,1y1m,0.624064,0.791557
2hhc,3six,0.59083,0.832794
4pow,4p0i,0.685175,0.823512
1owr,1pzu,0.584875,0.894283
2az1,2az3,0.504204,0.616494
2cwk,2dxe,0.525542,0.63067
1jxv,2hvd,0.545801,0.662675
1s59,1s59,0.561582,0.731328
1fcj,1fcj,0.518499,0.682164
1fcj,1fcj,0.572815,0.762499
1fcj,1oas,0.593254,0.753659
5ore,5org,0.649142,0.811789
1ttt,1ob5,0.649236,0.935763
1vr5,4pft,0.624704,0.852693
1vr5,4pfy,0.625139,0.851658
1rkm,1qka,0.627007,0.878365
2rkm,1rkm,0.62556,0.876839
1rkm,2rkm,0.62556,0.876839
3drf,3drk,0.650999,0.901362
3drf,3rya,0.610714,0.851044
3drf,3fto,0.642491,0.903745
3drf,3dri,0.654241,0.903097
3drf,3drh,0.651482,0.902391
3drf,3drj,0.661248,0.909041
3i58,3i53,0.673573,0.919679
3i53,3i53,0.677464,0.918963
6clw,6clx,0.599552,0.833131
6i70,6i72,0.635751,0.837143
6i5q,6i6k,0.659533,0.861834
2pry,2ps1,0.603608,0.737808
2pry,2prz,0.589556,0.732831
1eix,1l2u,0.617464,0.803248
2yyt,2yyu,0.588872,0.744036
1l2u,1eix,0.628592,0.796517
2czd,2cze,0.538717,0.732416
2f84,2q8z,0.448647,0.605986
1sw1,1sw5,0.63036,0.743264
1sw2,1sw5,0.635302,0.741491
1sw4,1sw5,0.632714,0.735674
1aov,1dot,0.629704,0.840532
4x6g,4x6g,0.715285,0.911394
4x6g,4x6g,0.6743,0.894778
4x6g,4x6g,0.715951,0.901752
2j0i,2q0n,0.611183,0.846663
1nkr,1im9,0.609463,0.883404
4dg8,4dg9,0.525633,0.690353
3ag5,3ag6,0.637223,0.915042
3ag5,3ag6,0.632758,0.913215
3ag5,3ag6,0.625332,0.907907
3ag5,3ag6,0.646651,0.931224
3cov,3ivc,0.586773,0.878649
1mwk,1mwm,0.623046,0.866222
1mwm,1mwk,0.62779,0.842702
1pjr,3pjr,0.651926,0.873449
2v8i,2v8j,0.576086,0.717583
4n58,4n59,0.755502,0.964197
2olu,2olv,0.611638,0.912947
3app,2web,0.518085,0.762621
6hqv,6hqv,0.66371,0.777064
4gf8,4gfr,0.626689,0.860491
1pin,1nmv,0.723426,0.932191
4odo,4odo,0.592841,0.673565
4odo,4odo,0.619023,0.700312
4odl,4odm,0.610285,0.703184
4odk,4odm,0.623618,0.718876
4odm,4odm,0.626247,0.726592
4odm,4odm,0.653093,0.743872
4odl,4odo,0.639195,0.737136
4odk,4odo,0.59193,0.686062
4odl,4odn,0.674899,0.782062
4odl,4odn,0.680358,0.770168
4odl,4odk,0.648402,0.728018
4odl,4odl,0.600984,0.704805
4odl,4odm,0.635679,0.740514
4odl,4odo,0.653512,0.729485
4odl,4odo,0.676331,0.77203
4odl,4odo,0.646264,0.739071
4odl,4odk,0.621564,0.651384
4odm,4odn,0.633049,0.711284
4odm,4odo,0.635498,0.748532
4odn,4odo,0.586667,0.646445
4odm,4odo,0.596862,0.671388
4odl,4odo,0.62613,0.697025
4odm,4odo,0.628787,0.728793
4odm,4odm,0.656644,0.74071
4odm,4odm,0.614944,0.734565
4odm,4odm,0.61228,0.71564
4odk,4odn,0.657161,0.752647
4odk,4odo,0.61999,0.731822
4odm,4odm,0.64689,0.739565
4odk,4odo,0.620224,0.747639
4odn,4odo,0.634004,0.718624
4odn,4odo,0.650022,0.740693
4odo,4odo,0.629709,0.717562
4odl,4odo,0.641879,0.710269
1pfo,1m3i,0.688543,0.898289
1pfo,1m3i,0.631637,0.852207
5gj3,5y8b,0.608249,0.867879
5xss,5xsj,0.636178,0.874563
6q1c,6q1d,0.552094,0.797932
2voz,2vp1,0.632875,0.780449
6dqr,6dqq,0.581822,0.788821
3tcf,3tch,0.642316,0.884089
1rkm,2rkm,0.62556,0.876839
1b0h,1rkm,0.622996,0.873021
1rkm,1jet,0.628754,0.879275
6dqr,6dqt,0.562827,0.769687
6dqr,6dtg,0.58053,0.787351
1b6h,1rkm,0.627487,0.879216
2vpo,3gyy,0.60761,0.627119
2vpn,3gyy,0.606758,0.623476
1foh,1foh,0.489224,0.687399
1foh,1foh,0.483041,0.707012
3qov,3qov,0.603416,0.87522
1mmk,1j8u,0.591727,0.805767
1j8u,1kw0,0.588086,0.799064
2pah,2pah,0.612546,0.883981
3p7i,3qk6,0.556807,0.685875
2i55,2i54,0.594321,0.716663
1qzt,2af3,0.656175,0.90877
4omb,4pqj,0.558703,0.774861
4exl,4lat,0.64158,0.774319
1vr6,1rzm,0.579618,0.848631
1vr6,1vr6,0.571664,0.687206
1y50,1y51,0.75969,0.958138
1yvy,1ytm,0.607729,0.849186
2rka,2qf2,0.524928,0.764615
3dt7,3dt7,0.592031,0.810991
2qew,2qey,0.534227,0.690016
1jqo,1jqo,0.532321,0.641788
2hwg,1zym,0.674017,0.877511
2hwg,1zym,0.671548,0.864806
1pfk,1pfk,0.531289,0.787495
2fuv,2fuv,0.553523,0.866521
1kfi,1kfi,0.671563,0.951185
1kfq,1kfi,0.681836,0.957736
3i3w,3i3w,0.595319,0.917081
6gyz,6gyz,0.589056,0.876173
3pdk,3pdk,0.667795,0.934193
1hm5,1dqr,0.488509,0.63928
1dqr,1hox,0.497941,0.644876
2xe7,2wzb,0.655791,0.939174
3c3b,2zgv,0.659893,0.949074
2xe6,2wzb,0.657704,0.932341
6k7n,6k7l,0.597494,0.711459
6k7l,6k7m,0.660348,0.891744
7vsh,6lkn,0.591085,0.749032
1k2y,1p5g,0.695335,0.935748
1k35,2fkm,0.647717,0.935032
1k35,2fkf,0.581579,0.863704
1k35,1k2y,0.648602,0.915671
1k35,1pcm,0.645367,0.928865
1k2y,1p5d,0.700304,0.9382
1k35,1pcj,0.65095,0.923243
1k35,1p5d,0.653318,0.924961
1k35,1p5g,0.649942,0.929977
1fez,1fez,0.613358,0.863544
3twz,3tx0,0.570827,0.721291
1l7o,1l7p,0.552214,0.750621
1lf4,1xdh,0.616772,0.882158
5jol,5joj,0.636555,0.728675
3alp,3alp,0.625338,0.918528
1hqe,1hqu,0.526495,0.659551
3ttm,3ttk,0.633871,0.74312
3ttl,3ttn,0.645298,0.744414
2hhp,2o1p,0.639993,0.920774
1q78,1q79,0.599838,0.855764
4ud4,4ud4,0.624955,0.864125
4ud5,4ud4,0.583033,0.793168
4e8f,4e8f,0.584013,0.805282
4e7x,4e8f,0.587942,0.868081
2oh2,6cst,0.598087,0.814085
1t94,2oh2,0.669945,0.92343
2oh2,4u6p,0.592375,0.784838
1t94,6cst,0.662805,0.918338
2i69,2hg0,0.617005,0.775572
2x7q,2x7p,0.611994,0.704285
2wlo,2wlm,0.659861,0.936982
5u6p,5u6o,0.600159,0.902008
6gyo,6gyn,0.568536,0.812748
2xzb,2yn9,0.632457,0.878278
1gud,1gud,0.648471,0.825849
1rpj,1gud,0.672667,0.836444
1rpj,1gud,0.671095,0.824555
3c4v,3c48,0.684821,0.964762
3c48,3c4v,0.687815,0.957596
3c48,3c4v,0.68308,0.957285
3c48,3c4q,0.68607,0.957787
3c48,3c4v,0.687084,0.950932
5lta,5ltk,0.676107,0.950273
1nkt,1nkt,0.553282,0.744677
2ipc,2ipc,0.602805,0.77207
1m6n,1tf2,0.553644,0.716441
1m6n,3dl8,0.565384,0.707174
1m6n,3dl8,0.5654,0.707173
1tf5,3jv2,0.589304,0.75929
2ibm,3jv2,0.568443,0.72734
1tf5,1m6n,0.554686,0.717278
2gtg,1sn6,0.730936,0.787562
2dob,4ddj,0.761791,0.788515
5zix,5zix,0.638516,0.888816
5zik,5zix,0.608878,0.89725
5zik,6k1r,0.613009,0.892942
5zik,6k1r,0.63727,0.87199
5zik,6k1r,0.635805,0.893188
5zix,6k1r,0.630385,0.887239
2hmf,3c20,0.615867,0.91266
3c20,3c1m,0.632944,0.918245
3c1n,3c20,0.633064,0.937623
3c1m,3c1n,0.652671,0.931395
2hmf,3c1n,0.651706,0.929928
2hmf,3c20,0.631172,0.916868
2hyi,2hxy,0.577518,0.862366
2hyi,2hxy,0.56939,0.856829
2hxy,2hxy,0.64061,0.928959
1x9j,1x9j,0.603613,0.840936
1x9j,1saz,0.614928,0.834354
1x9j,1x9j,0.62762,0.869277
1i74,1i74,0.663583,0.924174
5o2k,5o2j,0.664003,0.765451
3fzv,3fzv,0.694084,0.865833
3rd3,4l62,0.649646,0.862534
3fzv,3fzv,0.704179,0.884127
4fx0,4fx4,0.619853,0.703796
5jdr,3bik,0.609764,0.879725
2oev,4jjy,0.655913,0.732265
4r60,4r60,0.577551,0.788733
1zme,1zme,0.764803,0.971037
3khy,3khy,0.631901,0.910063
1dqy,1dqz,0.516155,0.721132
1cf1,4j2q,0.605084,0.899174
1cf1,4j2q,0.6096,0.889881
1cf1,4j2q,0.605206,0.898274
1cf1,4j2q,0.61012,0.889766
1fak,1qfk,0.670773,0.94096
3bmp,2h62,0.594327,0.668592
3d0q,3oti,0.571241,0.81208
3oti,3d0q,0.56781,0.801599
3d0r,3oti,0.587779,0.849483
3d0r,3oti,0.582797,0.836275
1b38,1aq1,0.59661,0.835045
2b5e,3boa,0.69961,0.968223
4ekz,4el1,0.722013,0.971297
1a35,1ej9,0.545611,0.693719
1ks2,1ks2,0.636591,0.885739
1dt9,3e1y,0.611415,0.757848
1kv3,2q3z,0.656461,0.920897
1bmb,1fyr,0.698024,0.922211
1do2,1do2,0.620811,0.725253
2cex,2cey,0.594627,0.715652
2cex,3b50,0.559642,0.636028
2cey,2cex,0.572868,0.674959
2cex,2wyk,0.589456,0.623307
2cex,3b50,0.591041,0.622723
2cex,2cex,0.585309,0.628604
2cey,2cex,0.585483,0.622532
1lp4,1m2p,0.551719,0.791538
1lar,1lar,0.61293,0.938989
2b3t,1t43,0.561776,0.80651
1pkl,1pkl,0.599995,0.810438
3hqp,3hqq,0.573239,0.774864
1pkl,1pkl,0.592737,0.817254
1pkl,1pkl,0.594137,0.815583
1xdu,1xds,0.638905,0.905895
1rkd,1rk2,0.552416,0.832077
1rkd,1gqt,0.561281,0.823518
1b3r,1k0u,0.653407,0.865505
1psz,3zk7,0.582033,0.851679
3zk7,3ztt,0.598836,0.850104
2grx,1ihr,0.78994,0.965528
2gsk,1ihr,0.807332,0.971422
4ys0,3jux,0.592836,0.668155
3jv2,1m6n,0.581458,0.729784
3jv2,3dl8,0.561343,0.707709
1huf,1k46,0.642543,0.835969
3uag,1eeh,0.702579,0.946102
3uag,1e0d,0.713209,0.96208
4hfi,4hfi,0.613152,0.881399
4hfi,4npq,0.615268,0.832193
2cbl,1b47,0.646235,0.934402
2cbl,1b47,0.666319,0.953039
1xqz,1yxt,0.589824,0.874301
1opk,2abl,0.71328,0.956404
1opl,1opl,0.620954,0.929997
3bkb,3cbl,0.637313,0.913831
3bkb,4e93,0.625563,0.922918
3bkb,3cd3,0.614926,0.906292
1yi6,1fmk,0.630918,0.887022
1y57,2src,0.653198,0.928966
1y57,1fmk,0.710621,0.971961
1y57,2src,0.653198,0.928966
1g1s,1g1q,0.655728,0.856804
2ddb,2epf,0.593968,0.806727
2ddb,2ddb,0.645748,0.874097
6j7j,6j7l,0.543861,0.705547
1ezm,1u4g,0.630353,0.908598
1ezm,1u4g,0.630353,0.908598
1ezm,3dbk,0.634917,0.920651
2yoc,2yoc,0.685623,0.879169
1m8y,1m8z,0.666335,0.931294
1wet,1dbq,0.671294,0.857266
5za4,5yyb,0.622317,0.868135
5za4,5z99,0.626446,0.871896
2yln,3zsf,0.65619,0.751617
3d2m,3d2p,0.634581,0.938702
6aal,6aal,0.542497,0.625734
2ahw,2ahu,0.589967,0.876418
2ahu,2ahw,0.546661,0.837239
2ahw,2ahu,0.596178,0.884178
2ahu,2ahv,0.593125,0.875044
2ahw,2ahu,0.57796,0.879944
2ahw,2ahu,0.592926,0.869105
2ahw,2ahu,0.581252,0.818607
2ahv,2ahu,0.568385,0.874872
2ahu,2ahv,0.591105,0.874853
2ahw,2ahu,0.58891,0.87983
2ahw,2ahu,0.612504,0.902905
2ahv,2ahu,0.569769,0.870978
2ahv,2ahu,0.585371,0.866351
2ahu,2ahv,0.608846,0.890518
2ahw,2ahu,0.571312,0.82926
2ahu,2ahv,0.61419,0.896279
2ahu,2ahw,0.573371,0.867828
4hss,4hss,0.645508,0.943689
6tmu,6tmt,0.610611,0.722296
5b58,5y89,0.581246,0.811004
1y9u,2owt,0.637655,0.728535
3be5,3be6,0.659146,0.900465
3be5,3be6,0.610682,0.838434
3be5,3be6,0.65804,0.907004
3be5,3be5,0.658569,0.908364
3be5,3be6,0.624351,0.88008
3be5,3be6,0.637022,0.870545
3be5,3be5,0.659602,0.939341
3be5,3be5,0.660011,0.911633
1y4t,3e13,0.582638,0.6901
6g44,6g45,0.588089,0.861935
4fdt,4fdu,0.55163,0.662613
4fdt,4fdu,0.561408,0.655348
4fdt,4fdu,0.533933,0.630306
4oet,4oev,0.633427,0.878111
4oet,4oeu,0.620203,0.873731
5lq5,5lq8,0.567316,0.717337
2ahr,2ahr,0.608924,0.898663
2y30,3zql,0.623529,0.870371
3vxb,3vxc,0.628242,0.731899
6gq0,6guq,0.664624,0.879387
6gq0,6gt9,0.63958,0.881597
1pvu,1eyu,0.681459,0.870794
1pvu,1pvi,0.660895,0.859427
1pvu,1pvi,0.647908,0.852165
1pvu,1eyu,0.653849,0.817632
5wsb,5wrp,0.545133,0.751133
4ks0,4krz,0.50398,0.720966
3hqn,3hqp,0.56796,0.773632
3hqn,3hqo,0.57526,0.762735
3hqn,3hqo,0.579592,0.770919
3hqn,3hqo,0.579583,0.773343
3hqn,3hqo,0.573191,0.773902
3hqn,3hqo,0.577963,0.784276
3hqn,3hqo,0.578154,0.782023
3hqn,3hqo,0.574225,0.761942
3hqn,3hqo,0.572767,0.772996
3hqp,3hqq,0.575461,0.787214
3hqp,3hqq,0.562015,0.756691
3hqp,3hqq,0.574127,0.780872
3hqp,3hqq,0.578475,0.788962
3hqp,3hqq,0.575267,0.787163
3hqp,3hqq,0.562297,0.757386
3hqp,3hqq,0.57395,0.780685
3hqp,3hqq,0.578135,0.787839
3hqp,3hqq,0.562095,0.757236
3hqp,3hqq,0.576018,0.787549
3hqp,3hqq,0.574014,0.781217
3hqp,3hqq,0.578402,0.788748
3hqp,3hqq,0.559146,0.756614
3hqp,3hqq,0.572439,0.774862
3hqp,3hqq,0.576649,0.785372
3hqp,3hqq,0.574249,0.783656
3hqp,3hqn,0.56443,0.764513
3hqp,3hqn,0.570112,0.771263
3hqp,3hqn,0.568735,0.766997
3hqp,3hqn,0.572008,0.774325
3hqp,3hqn,0.570795,0.770311
3hqp,3hqn,0.57933,0.776801
3hqp,3hqn,0.573138,0.771509
3hqp,3hqn,0.573651,0.775061
3hqn,3hqp,0.575481,0.777714
1pkl,3hqq,0.562858,0.774043
1pkl,3hqp,0.556557,0.76668
1pkl,1pkl,0.607018,0.819509
1e0t,1e0t,0.604081,0.833763
1e0t,1e0t,0.585237,0.808571
1pky,1pky,0.538523,0.800601
1pky,1pky,0.549881,0.821564
1pkl,1pkl,0.5933,0.808303
1e0t,1e0t,0.567219,0.810473
1pky,1pky,0.554454,0.797623
5wrp,5ws8,0.534864,0.732427
5wrp,5ws9,0.549307,0.777302
5wrp,5wsa,0.550833,0.76323
5wrp,5wsa,0.552424,0.782111
5wrp,5ws9,0.565831,0.790787
5wrp,5wsb,0.565461,0.793309
5wrp,5wsb,0.544843,0.776251
5wrp,5ws9,0.553759,0.734537
5wrp,5ws8,0.545822,0.755964
5wrp,5ws8,0.534166,0.74282
5wrp,5wsa,0.565885,0.792658
5wrp,5ws8,0.545625,0.708048
5wrp,5ws9,0.549849,0.731207
1a49,1aqf,0.57529,0.750721
1a49,1aqf,0.562226,0.74729
1aqf,1aqf,0.589841,0.793439
1aqf,1aqf,0.580929,0.773785
4hyv,4hyv,0.604341,0.808759
4fxj,4fxf,0.590437,0.775482
1vbh,1vbg,0.586902,0.837202
2bs4,1e7p,0.48897,0.620829
1ii8,3qku,0.663926,0.932088
1a1k,1a1i,0.732773,0.949456
1nxq,1zk4,0.613992,0.86364
2byv,3cf6,0.683459,0.922022
2jjd,2jjd,0.609366,0.92336
2jjd,2jjd,0.613976,0.921423
2jjd,2jjd,0.609529,0.927167
2jjd,2jjd,0.650746,0.94412
2jjd,2jjd,0.639176,0.943908
2jjd,2jjd,0.646966,0.944469
2jjd,2jjd,0.615116,0.915816
2jjd,2jjd,0.637164,0.928272
2jjd,2jjd,0.645063,0.934598
2jjd,2jjd,0.653192,0.945848
2jjd,2jjd,0.623239,0.918675
2jjd,2jjd,0.629334,0.923711
2jjd,2jjd,0.642438,0.942645
2jjd,2jjd,0.583974,0.923258
2jjd,2jjd,0.597198,0.927981
3u2p,3u7u,0.746333,0.971531
2ahx,3u7u,0.716363,0.969374
1en7,1e7d,0.677609,0.92477
5zz5,5zz5,0.603938,0.825092
5zz5,5zz6,0.688645,0.943335
3keo,3keq,0.648903,0.905391
3keo,3keq,0.614315,0.808673
3keq,3keq,0.589605,0.810834
3keq,3keo,0.642491,0.899439
5zz5,5zz5,0.730905,0.949942
5zz5,5zz5,0.690746,0.906548
5zz5,5zz5,0.622549,0.878287
3keo,3keq,0.612528,0.778197
3ket,3keq,0.676236,0.923716
5zz6,5zz6,0.700419,0.951107
5zz6,5zz6,0.610201,0.876594
5zz6,5zz6,0.636193,0.903434
5zz7,5zz7,0.674828,0.913646
5zz6,5zz6,0.693284,0.932477
5zz6,5zz6,0.718085,0.932498
5zz6,5zz6,0.677495,0.920476
3g56,3frq,0.600841,0.845206
2gk7,2gjk,0.591867,0.788715
2xzo,2xzp,0.641212,0.931227
4ua2,4ua1,0.720557,0.89534
2g26,2fs4,0.544017,0.770844
1s9h,1u0j,0.593398,0.77672
2ahm,2ahm,0.628739,0.882104
1fgu,1jmc,0.615183,0.93107
1fgu,1jmc,0.615607,0.93049
2gxa,2gxa,0.543329,0.772133
2gxa,2gxa,0.56456,0.741807
2gxa,2v9p,0.630312,0.801365
2gxa,2v9p,0.571086,0.769514
2gxa,2gxa,0.640094,0.846652
2gxa,2gxa,0.589095,0.839024
2gxa,2gxa,0.550379,0.786297
2gxa,2gxa,0.575134,0.768667
2gxa,2gxa,0.649566,0.898622
4nmn,4nmn,0.715593,0.931317
2r6c,2r6c,0.611067,0.877211
4zmr,4hye,0.662261,0.934984
4zmr,4zms,0.624502,0.879793
4zmr,4hye,0.686533,0.949322
4zmr,4zmr,0.678744,0.944491
4zmr,4hye,0.744573,0.944472
4zmr,4hye,0.744724,0.951109
5xso,5xt2,0.704229,0.945441
4gvp,4if4,0.743404,0.95852
4gvp,4if4,0.74777,0.962459
4gvp,4if4,0.745726,0.959207
4gvp,4if4,0.748235,0.957789
1na6,3hqg,0.62068,0.857741
3dle,3lak,0.709426,0.948116
2vbt,2vbv,0.545169,0.623634
1rka,1rks,0.513093,0.770058
1rka,1gqt,0.52198,0.662409
1rka,1rkd,0.529832,0.725692
1rkd,1rka,0.529832,0.725692
1jvu,1jvt,0.567663,0.576255
1r5d,1tq9,0.690421,0.813976
1r5d,1tq9,0.679854,0.780913
2r1r,5cns,0.569349,0.675697
5cns,5cns,0.619475,0.850571
3l7o,3l7o,0.645825,0.882159
2fn9,2fn9,0.696646,0.859833
2nxn,3egv,0.678586,0.91731
1yl3,1rl6,0.58963,0.837712
2dyi,3a1p,0.640606,0.862644
3a1p,2dyi,0.638509,0.840404
2oaa,2oa9,0.605444,0.665181
1iw7,1iw7,0.623765,0.769123
1iw7,1iw7,0.624416,0.755242
1iw7,1iw7,0.638895,0.754929
4ilu,4kbm,0.701729,0.95097
1iw7,1iw7,0.686097,0.913837
2v9q,2v9r,0.673936,0.928115
4c8v,4c9v,0.683168,0.926548
5y2v,5y2w,0.631643,0.762601
2q99,2qrj,0.653464,0.905889
2qrj,2qrl,0.652627,0.905741
2qrj,2qrk,0.637965,0.892446
1b3r,1k0u,0.657106,0.868747
1ky4,1k0u,0.658123,0.871039
1b3r,1k0u,0.658058,0.869357
1b3r,1k0u,0.652805,0.865259
1k0u,1b3r,0.654009,0.868555
1k0u,1b3r,0.652389,0.867353
4lvc,4lvc,0.666795,0.876047
4d7k,4d7k,0.681187,0.914199
4d7k,4d7k,0.684047,0.887865
7wdq,7wdq,0.632393,0.846338
7wdq,7wdw,0.654762,0.928684
7wdq,7wdw,0.634981,0.858756
1n69,1n69,0.689977,0.826131
1su4,1iwo,0.648599,0.739563
1iwo,1su4,0.648584,0.739564
1su4,1wpg,0.665299,0.792414
1su4,2c9m,0.664472,0.914168
1vfp,1iwo,0.615536,0.873235
1su4,2c9m,0.678585,0.881204
1su4,2zbd,0.668906,0.743987
5a3r,2zbd,0.650873,0.820145
2c9m,2c9m,0.652076,0.868523
1su4,2c88,0.645464,0.74128
1su4,1vfp,0.670934,0.748007
1kju,1su4,0.653794,0.773693
1t5t,2c8k,0.617267,0.860148
1t5s,1su4,0.673039,0.743909
3ugx,4j2q,0.589579,0.888158
7jsm,4j2q,0.60583,0.899376
1fvf,1fvf,0.638404,0.862865
2qyu,2qza,0.726862,0.974532
4biw,4bix,0.669762,0.912801
4biu,4biv,0.680372,0.930806
4biu,4biu,0.694326,0.939929
4biu,4biu,0.688625,0.934482
4biv,4biv,0.710852,0.955524
3w5a,3ar2,0.704649,0.846658
3kql,3kqk,0.596583,0.711091
3kql,3kqu,0.637541,0.921921
3com,3com,0.593098,0.78465
3e7v,3fmd,0.630342,0.860653
4jsn,4jsn,0.621953,0.769639
2cdz,2bva,0.631006,0.908344
1yhv,2hy8,0.580181,0.821411
2jak,2iae,0.645059,0.925113
1e78,1o9x,0.752238,0.980708
1o9x,1ao6,0.750367,0.979564
2bxp,1ao6,0.704425,0.949926
1e7i,1ao6,0.703669,0.946399
4emx,3uiv,0.707867,0.944113
1n5u,1ao6,0.699652,0.950682
1e78,1e7g,0.71399,0.961665
3v08,4f5t,0.637017,0.912554
1ao6,1e7a,0.595761,0.919517
5ijf,1e7i,0.703593,0.932927
1ao6,2bxg,0.624954,0.878997
8ew4,1bm0,0.698632,0.954301
1ao6,3b9m,0.693469,0.947008
1a8e,1bp5,0.640542,0.745201
1bp5,1a8e,0.640542,0.745201
1a8e,1bp5,0.656411,0.752353
1a8e,1bp5,0.643433,0.743205
1a8e,1bp5,0.65559,0.753355
3lsq,3lss,0.584656,0.839975
2cim,2cim,0.678522,0.914655
2cj9,2cj9,0.668571,0.874731
1set,1set,0.560321,0.770774
1sry,1set,0.55315,0.752469
1mt6,1n6c,0.556823,0.809201
1wxd,2cy0,0.618847,0.841075
1wxd,2d5c,0.652107,0.881558
1nyt,1nyt,0.64114,0.881997
2hk8,2hk9,0.660531,0.880348
3don,3doo,0.608512,0.770282
2hk9,2hk9,0.623436,0.841412
2hk8,2hk9,0.663383,0.888179
2iyw,2iyy,0.547408,0.705099
2iyq,2iyr,0.546196,0.654311
2iyr,2iyy,0.559267,0.692832
2iyv,2iyy,0.547971,0.697134
2iyq,2iyw,0.526396,0.695034
2iyq,2iyr,0.540476,0.656372
2iyv,2iyw,0.559957,0.606312
1u8a,1l4y,0.585094,0.721151
2iyq,2iyv,0.532895,0.689165
2iyw,2iyz,0.532506,0.697184
2iyv,2iyz,0.53158,0.685207
2iyr,2iyx,0.562153,0.695024
2xwv,2cey,0.593443,0.614723
3b50,2cey,0.595136,0.615985
1w8o,1w8n,0.692063,0.953884
4qvg,4qvg,0.577061,0.734142
4qvg,4u1q,0.654329,0.863108
5dh0,5dh1,0.664391,0.932506
5dh0,5dh2,0.6387,0.914992
5dh0,5dh1,0.668986,0.93411
5dh0,5dh1,0.665463,0.934698
1qzw,1qzx,0.63172,0.877033
3deo,3dep,0.619108,0.879796
2cnw,1ng1,0.599642,0.846861
1oxb,2r25,0.574482,0.798327
1ii5,1iiw,0.545084,0.603507
3kyc,3kyd,0.599111,0.695424
5l7i,5l7d,0.696011,0.865408
4mfi,6r1b,0.612453,0.73441
5icg,5icf,0.657674,0.868798
7mgw,6dzz,0.524285,0.559476
7lia,7li8,0.559386,0.615168
1ext,1ext,0.701075,0.916239
1ext,1ncf,0.746779,0.968604
4r6k,5z6b,0.632277,0.721686
4zw9,4zwc,0.578305,0.81201
5ayn,5ayo,0.63419,0.943471
1bkd,2ii0,0.63888,0.764351
1bkd,1xd2,0.590633,0.877314
1xd2,2ii0,0.60204,0.793661
4o8l,4o8l,0.628386,0.86806
2qkm,2qkm,0.710211,0.941952
3i1a,3i0o,0.602728,0.836794
3i1a,3q2m,0.60006,0.853494
1u4q,1u4q,0.64038,0.828794
7sbl,7sbl,0.610589,0.739059
6vsb,6vsb,0.574082,0.725072
6vsb,6vsb,0.589351,0.739433
7r14,7r14,0.62727,0.774257
7m8k,7m8k,0.582912,0.859346
7jwy,6xm3,0.52569,0.72351
7m8k,7m8k,0.611704,0.751042
7tgw,7tgw,0.62577,0.778306
7edg,7edg,0.616131,0.766072
7edf,7edf,0.607762,0.743428
7lwt,7lwt,0.629191,0.767814
7dk3,7dk3,0.595433,0.711233
7dk3,7dk3,0.596798,0.71061
6zgg,6vxx,0.592742,0.720875
6vxx,6vsb,0.585402,0.866145
6zgg,6zgg,0.596975,0.709181
6vxx,6zdh,0.580156,0.718823
8iou,8iou,0.604893,0.729604
6xm3,6xm3,0.611016,0.756869
7tf8,7to4,0.631134,0.78252
6acc,6acd,0.610897,0.738341
6vyb,6vyb,0.609605,0.751599
6vyb,6vyb,0.600075,0.838639
2cmz,2cmz,0.610588,0.850521
2j6j,2cmz,0.678232,0.886562
7lyn,7lyn,0.632155,0.768321
6vyb,6vyb,0.59981,0.739
7tf8,7to4,0.634876,0.789764
7kxk,7r8m,0.589552,0.718524
6vxx,6vsb,0.57804,0.734823
8h3e,7m6h,0.72561,0.924027
6ncq,4wii,0.702394,0.958892
5wpa,4wii,0.66628,0.916244
4wii,4wii,0.680429,0.928309
1q8y,1q8y,0.603669,0.871282
6nei,6nej,0.659474,0.873104
2wb4,1w25,0.712003,0.955239
1w25,2wb4,0.71211,0.954829
1w25,2v0n,0.716934,0.956896
1w25,2v0n,0.685747,0.954232
1w25,2v0n,0.685212,0.953851
1w25,2v0n,0.718908,0.957348
2wb4,2v0n,0.679474,0.929465
4d7s,4d7t,0.69011,0.940579
6lu2,6lu3,0.630464,0.886987
2wdq,6c12,0.558948,0.652679
1o9l,1o9l,0.5692,0.750109
3dlx,3dlx,0.551715,0.724509
3dlx,3dlx,0.56954,0.746253
3k6m,1ooy,0.601854,0.865839
3k6m,3k6m,0.600538,0.8917
2fpp,2fp4,0.652529,0.931404
2fpi,2fp4,0.656476,0.92693
2fp4,5cae,0.663644,0.941348
3czl,3czk,0.591892,0.799629
1s2o,1tj5,0.635668,0.726305
3c6q,3c6q,0.659426,0.790039
2hq0,2i58,0.627936,0.70302
1tm2,1tjy,0.658981,0.779247
3kyc,3kyd,0.549341,0.678094
1f3h,1f3h,0.638032,0.813943
1a81,1a81,0.613782,0.889782
1a81,1a81,0.590328,0.8745
1a81,1a81,0.631353,0.920382
1a81,1a81,0.548775,0.749608
1l96,1l97,0.711602,0.934049
209l,218l,0.606088,0.853985
1cez,1s76,0.575979,0.843007
1h38,1s77,0.541875,0.742439
1cez,1msw,0.573562,0.835801
2jg1,2jg1,0.628441,0.877628
3c9i,3c9i,0.765798,0.931261
3c9i,3c9i,0.780749,0.983171
3c9i,3c9i,0.734498,0.941844
3c9i,3c9i,0.705556,0.90064
3c9i,3c9i,0.662485,0.890958
1tau,1cmw,0.627306,0.893526
4x6l,4x6l,0.670864,0.894286
5x2m,5x2m,0.51508,0.580718
5x2m,5x2q,0.549791,0.64224
6ks6,5gw5,0.648237,0.751995
6ks6,5gw5,0.569228,0.688847
6ks6,5gw5,0.639709,0.759123
6ks6,5gw5,0.590869,0.718698
6ks6,5gw5,0.614023,0.811858
6ks6,5gw5,0.573498,0.692702
6ks6,5gw5,0.600818,0.726497
6i0s,6i0t,0.557123,0.780828
1vjy,1b6c,0.523866,0.747322
1kei,1kjp,0.613161,0.905542
1kei,1kkk,0.600864,0.881676
1kei,1kjo,0.600121,0.904534
1kei,1kr6,0.610227,0.869777
8tln,1l3f,0.609303,0.875011
1lnb,1l3f,0.606731,0.881675
1l3f,1gxw,0.598815,0.877078
1l3f,4tmn,0.608258,0.883332
1l3f,1hyt,0.607494,0.88152
1ass,1asx,0.594719,0.762266
5mss,5msw,0.655315,0.936539
1tjd,1eej,0.658742,0.869032
2x8g,2x8h,0.56021,0.750322
2zbw,2zbw,0.645095,0.747721
2d1f,2d1f,0.558739,0.738028
1evl,1evk,0.553167,0.638997
2tpt,1otp,0.590795,0.743267
1azy,4ead,0.592193,0.758901
3ihi,3ihh,0.561854,0.702137
1b02,1bko,0.553723,0.643266
1svb,1urz,0.753801,0.913069
1svb,1urz,0.75017,0.912719
1svb,1urz,0.746938,0.911365
1svb,1urz,0.750862,0.913502
1svb,1urz,0.748584,0.909726
3tsw,3lh5,0.662558,0.90308
3tsw,3shw,0.67489,0.963629
1a21,1a21,0.571675,0.825185
2nzi,2nzi,0.575201,0.715365
1ihr,1u07,0.812662,0.971655
1a31,1k4t,0.574225,0.792984
2csd,2csb,0.717801,0.946739
3u3w,4fsc,0.679448,0.956555
2yvh,2zoz,0.638701,0.865177
2yvh,2zoz,0.640362,0.848831
2zoz,2zoy,0.585611,0.817497
2yvh,2zoy,0.618762,0.83333
3vox,3vp5,0.6348,0.851003
3vok,3vp5,0.67536,0.881916
2yvh,2yve,0.616766,0.833666
2hyf,2f5d,0.645292,0.890463
2hyf,2f5d,0.722285,0.952438
1ny6,1ny6,0.572759,0.762442
1ny5,1ny6,0.609148,0.816435
1ny5,1ny6,0.581219,0.771263
1ny5,1ny6,0.625861,0.862716
1ny5,1ny5,0.674989,0.935428
1ny5,1ny6,0.620124,0.834593
1ny5,1ny6,0.632863,0.858355
1ny5,1ny6,0.625245,0.849036
1ny5,1ny6,0.629933,0.846884
1ny6,1ny6,0.551452,0.75684
1ny5,1ny6,0.614568,0.826999
1ny5,1ny6,0.594195,0.819325
1ny5,1ny6,0.627113,0.844015
1ny6,1ny5,0.618051,0.835649
5gpc,5gpc,0.664303,0.8772
1zkg,1z77,0.644034,0.827866
1zkg,1zkg,0.661158,0.877455
1zkg,1z77,0.66803,0.854613
5o8z,5o8y,0.687703,0.908617
1npp,1npr,0.694729,0.829851
1npp,1npr,0.668983,0.83073
1m1g,1m1g,0.606799,0.720705
1ais,1d3u,0.626457,0.910261
1qna,1qnb,0.598992,0.881417
3ice,1pv4,0.610876,0.858039
3ice,1pv4,0.565604,0.802229
1tag,1tnd,0.476751,0.508161
1tnd,1tag,0.476751,0.508161
1suv,2nsu,0.627411,0.910156
1suv,1cx8,0.627244,0.910157
1suv,1suv,0.627371,0.910123
3j5p,3j5q,0.625189,0.894218
1r7r,1ypw,0.489861,0.568899
1g7r,1g7t,0.638546,0.856426
1g7s,1g7t,0.627844,0.816328
1j1j,4jhf,0.637599,0.869098
1j1j,4jhf,0.652085,0.873953
2h4m,2ot8,0.692104,0.967596
2h4m,2ot8,0.580071,0.913843
2h4m,2ot8,0.691419,0.946338
2h4m,2h4m,0.706499,0.967394
2p1m,2p1q,0.595603,0.814734
5cn3,3tct,0.551182,0.632236
4ng7,4x04,0.586227,0.599943
2hzk,2hzl,0.517582,0.596898
4tvu,4tvu,0.618316,0.82819
1yyq,1yyq,0.54442,0.715233
1tpd,5tim,0.453135,0.700266
1uaj,1ual,0.587452,0.751679
3h38,3h37,0.635526,0.898422
1avs,1top,0.710802,0.808673
1j1e,1j1e,0.66311,0.916787
1mi7,1p6z,0.836925,0.983138
1wrp,3wrp,0.657269,0.813963
3wrp,2oz9,0.733069,0.874411
5tia,6pyz,0.503372,0.627079
6ud5,4pw8,0.546084,0.67675
6am7,6am9,0.539732,0.672132
5e0k,5dw3,0.525351,0.677704
1mau,1maw,0.642039,0.779308
1mau,1i6m,0.62571,0.8383
1i6k,1m83,0.622021,0.843706
1maw,1mau,0.642794,0.783524
1i6k,1mau,0.622905,0.841284
1m83,1maw,0.641057,0.776826
1i6k,1maw,0.624412,0.72082
1uf9,1uf9,0.587894,0.717407
1sa0,1tub,0.537813,0.767512
1ncf,1ncf,0.703736,0.960358
2gsz,2gsz,0.672691,0.877031
2eww,2gsz,0.623905,0.901598
2eww,2gsz,0.631638,0.904867
2eww,2gsz,0.627034,0.896377
2gsz,2gsz,0.612307,0.893227
2eww,2gsz,0.691626,0.928358
2gsz,2gsz,0.679038,0.898693
2eww,2gsz,0.691536,0.928524
2eww,2gsz,0.631404,0.900907
2gsz,2gsz,0.681808,0.912486
2gsz,2gsz,0.625092,0.862754
2gsz,2gsz,0.680531,0.903139
4a2l,4a2m,0.657529,0.839217
4a2l,4a2m,0.657282,0.812892
1z59,1z5a,0.636302,0.913019
2oap,2oaq,0.661901,0.942107
2oap,2oap,0.645983,0.945481
2oap,2oaq,0.648969,0.91898
2oap,2oaq,0.648202,0.947945
4ksr,4ksr,0.681271,0.941923
5zfr,5zfr,0.689904,0.925992
2ez2,2ez1,0.619696,0.799875
2ez2,2ez2,0.619221,0.799341
3gen,3k54,0.589296,0.851593
2l2p,2lp5,0.672078,0.873634
1xbb,1xbc,0.573367,0.81057
1h3e,1h3f,0.685686,0.924193
1n3l,1q11,0.580807,0.710321
1h3f,1h3e,0.661605,0.911696
1bcc,3bcc,0.695238,0.919471
1bcc,2bcc,0.694715,0.9245
1bcc,3bcc,0.532172,0.677178
8asj,8asi,0.686188,0.862382
2g45,2d3g,0.551252,0.581495
4ii3,4ii2,0.597272,0.797248
3cmm,3cmm,0.60505,0.81739
1nb8,1nb8,0.536488,0.584382
1ycr,1t4e,0.65014,0.911403
1hzj,1hzj,0.579828,0.813807
1ek6,1ek6,0.57762,0.833463
1ek5,1ek6,0.597877,0.848351
1ek5,1ek6,0.588037,0.850571
2gna,2gn4,0.579839,0.760444
2o3j,2o3j,0.60684,0.89556
3itk,3itk,0.731381,0.975878
2q3e,2q3e,0.62102,0.911483
2q3e,2qg4,0.702662,0.95839
2qg4,2qg4,0.709624,0.962449
3itk,3itk,0.693071,0.954796
2q3e,4qej,0.707528,0.95304
2q3e,2qg4,0.698115,0.959863
5ze7,5zes,0.619895,0.883079
1naw,1naw,0.597983,0.804974
4neq,4nes,0.666781,0.921072
1vgv,1vgv,0.638873,0.897549
1ejd,1ejd,0.613197,0.823761
1nlm,1f0k,0.638772,0.928701
1fwy,1fxj,0.672687,0.927138
1fwy,1fwy,0.668692,0.893323
1fwy,1fxj,0.656805,0.854306
1p3d,1gqq,0.731352,0.974761
1gqq,1p3d,0.76194,0.983316
2x5o,1e0d,0.672492,0.934612
4uag,1e0d,0.689106,0.949697
1eeh,4uag,0.694673,0.934722
1e0d,1uag,0.712623,0.965378
1eeh,2uag,0.701065,0.936052
1e0d,2uuo,0.697398,0.955783
1eeh,2jff,0.700679,0.946863
1eeh,1uag,0.694062,0.954195
1e0d,2wjp,0.683385,0.946703
1eeh,1e0d,0.67907,0.92945
1eeh,2vte,0.690899,0.940381
1e0d,2xpc,0.681754,0.946497
1e0d,1uag,0.712623,0.965378
3ogz,3oh0,0.581771,0.698335
3ogz,3oh2,0.571382,0.669761
3hvp,4hvp,0.560997,0.622266
4x7p,4x6l,0.697629,0.940528
2jjq,2vs1,0.589822,0.740861
2bkh,2v26,0.641126,0.808626
6c1g,6c1d,0.606789,0.818888
6c1d,6c1h,0.638802,0.842933
7pm5,7plt,0.630131,0.858068
7pm0,7pm9,0.582769,0.755727
7plu,1w7j,0.631054,0.787029
4pfo,2bkh,0.654364,0.852586
2d2r,2dtn,0.500634,0.691554
3cfx,3k6u,0.637222,0.792803
3k6u,3k6w,0.654485,0.773
1akz,1ssp,0.615562,0.695626
1ssp,1akz,0.615562,0.695626
5xls,3qe7,0.57627,0.651688
1g6w,1k0b,0.54235,0.703462
4ubp,3ubp,0.438241,0.612393
2j4j,2j4l,0.517309,0.688089
2bnd,2bnd,0.540245,0.776582
2bne,2bne,0.570852,0.802472
2bnf,2bnf,0.549407,0.748962
2j4j,2j4k,0.506252,0.644882
2j4j,2j4k,0.530192,0.67342
2j4j,2j4k,0.530381,0.675271
1wd7,1wcw,0.696773,0.899994
2oeg,2oef,0.565665,0.642643
3uf1,3uf1,0.777822,0.959644
3swk,3uf1,0.770203,0.954768
3swk,3swk,0.788515,0.95859
3swk,3uf1,0.752571,0.874522
3swk,3uf1,0.710027,0.877723
3swk,3uf1,0.832882,0.980687
3uf1,3uf1,0.754762,0.948291
1nly,1nlz,0.68003,0.934594
1nlz,1opx,0.649817,0.932939
1nlz,1opx,0.628901,0.895419
1nly,1nlz,0.58835,0.869484
1nlz,1nly,0.643465,0.926474
1nlz,1opx,0.683958,0.938588
1nlz,1opx,0.662416,0.927971
1nlz,1nly,0.647276,0.912665
1nly,1nlz,0.607116,0.861104
1nly,1nlz,0.590609,0.869408
1n2z,5ovw,0.630244,0.880058
1n2z,2qi9,0.622215,0.91241
1n2z,4fi3,0.635831,0.911013
1kxp,1kw2,0.631094,0.882277
3vr6,3vr6,0.615974,0.793958
5k1a,5k1a,0.656873,0.955855
5k1a,5k1a,0.669479,0.95508
5k1a,5k1a,0.629322,0.894645
1y0b,2fxv,0.450003,0.605225
2bhn,2bgw,0.592417,0.843075
1xnb,2b42,0.535994,0.644605
1jez,1k8c,0.528742,0.740485
1zag,3es6,0.631141,0.890378
2icn,1zag,0.629498,0.894837
3amj,3amj,0.59817,0.881925
