PED_id,ensemble_id_p,ensemble_id_q
PED00001,e001,e002
PED00001,e001,e003
PED00001,e002,e003
PED00014,e001,e002
PED00014,e001,e003
PED00014,e002,e003
PED00023,e001,e002
PED00023,e001,e003
PED00023,e002,e003
PED00022,e001,e002
PED00022,e001,e003
PED00022,e001,e004
PED00022,e001,e005
PED00022,e001,e006
PED00022,e001,e007
PED00022,e001,e008
PED00022,e001,e009
PED00022,e001,e010
PED00022,e001,e011
PED00022,e001,e012
PED00022,e001,e013
PED00022,e002,e003
PED00022,e002,e004
PED00022,e002,e005
PED00022,e002,e006
PED00022,e002,e007
PED00022,e002,e008
PED00022,e002,e009
PED00022,e002,e010
PED00022,e002,e011
PED00022,e002,e012
PED00022,e002,e013
PED00022,e003,e004
PED00022,e003,e005
PED00022,e003,e006
PED00022,e003,e007
PED00022,e003,e008
PED00022,e003,e009
PED00022,e003,e010
PED00022,e003,e011
PED00022,e003,e012
PED00022,e003,e013
PED00022,e004,e005
PED00022,e004,e006
PED00022,e004,e007
PED00022,e004,e008
PED00022,e004,e009
PED00022,e004,e010
PED00022,e004,e011
PED00022,e004,e012
PED00022,e004,e013
PED00022,e005,e006
PED00022,e005,e007
PED00022,e005,e008
PED00022,e005,e009
PED00022,e005,e010
PED00022,e005,e011
PED00022,e005,e012
PED00022,e005,e013
PED00022,e006,e007
PED00022,e006,e008
PED00022,e006,e009
PED00022,e006,e010
PED00022,e006,e011
PED00022,e006,e012
PED00022,e006,e013
PED00022,e007,e008
PED00022,e007,e009
PED00022,e007,e010
PED00022,e007,e011
PED00022,e007,e012
PED00022,e007,e013
PED00022,e008,e009
PED00022,e008,e010
PED00022,e008,e011
PED00022,e008,e012
PED00022,e008,e013
PED00022,e009,e010
PED00022,e009,e011
PED00022,e009,e012
PED00022,e009,e013
PED00022,e010,e011
PED00022,e010,e012
PED00022,e010,e013
PED00022,e011,e012
PED00022,e011,e013
PED00022,e012,e013
PED00017,e001,e002
PED00017,e001,e003
PED00017,e001,e004
PED00017,e001,e005
PED00017,e002,e003
PED00017,e002,e004
PED00017,e002,e005
PED00017,e003,e004
PED00017,e003,e005
PED00017,e004,e005
PED00020,e001,e002
PED00020,e001,e003
PED00020,e001,e004
PED00020,e001,e005
PED00020,e002,e003
PED00020,e002,e004
PED00020,e002,e005
PED00020,e003,e004
PED00020,e003,e005
PED00020,e004,e005
PED00142,e001,e002
PED00142,e001,e003
PED00142,e001,e004
PED00142,e001,e005
PED00142,e001,e006
PED00142,e001,e007
PED00142,e001,e008
PED00142,e001,e009
PED00142,e001,e010
PED00142,e002,e003
PED00142,e002,e004
PED00142,e002,e005
PED00142,e002,e006
PED00142,e002,e007
PED00142,e002,e008
PED00142,e002,e009
PED00142,e002,e010
PED00142,e003,e004
PED00142,e003,e005
PED00142,e003,e006
PED00142,e003,e007
PED00142,e003,e008
PED00142,e003,e009
PED00142,e003,e010
PED00142,e004,e005
PED00142,e004,e006
PED00142,e004,e007
PED00142,e004,e008
PED00142,e004,e009
PED00142,e004,e010
PED00142,e005,e006
PED00142,e005,e007
PED00142,e005,e008
PED00142,e005,e009
PED00142,e005,e010
PED00142,e006,e007
PED00142,e006,e008
PED00142,e006,e009
PED00142,e006,e010
PED00142,e007,e008
PED00142,e007,e009
PED00142,e007,e010
PED00142,e008,e009
PED00142,e008,e010
PED00142,e009,e010
PED00174,e001,e002
PED00174,e001,e003
PED00174,e001,e004
PED00174,e001,e005
PED00174,e001,e006
PED00174,e001,e007
PED00174,e001,e008
PED00174,e001,e009
PED00174,e001,e010
PED00174,e002,e003
PED00174,e002,e004
PED00174,e002,e005
PED00174,e002,e006
PED00174,e002,e007
PED00174,e002,e008
PED00174,e002,e009
PED00174,e002,e010
PED00174,e003,e004
PED00174,e003,e005
PED00174,e003,e006
PED00174,e003,e007
PED00174,e003,e008
PED00174,e003,e009
PED00174,e003,e010
PED00174,e004,e005
PED00174,e004,e006
PED00174,e004,e007
PED00174,e004,e008
PED00174,e004,e009
PED00174,e004,e010
PED00174,e005,e006
PED00174,e005,e007
PED00174,e005,e008
PED00174,e005,e009
PED00174,e005,e010
PED00174,e006,e007
PED00174,e006,e008
PED00174,e006,e009
PED00174,e006,e010
PED00174,e007,e008
PED00174,e007,e009
PED00174,e007,e010
PED00174,e008,e009
PED00174,e008,e010
PED00174,e009,e010
PED00175,e001,e002
PED00175,e001,e003
PED00175,e001,e004
PED00175,e001,e005
PED00175,e001,e006
PED00175,e001,e007
PED00175,e001,e008
PED00175,e001,e009
PED00175,e001,e010
PED00175,e002,e003
PED00175,e002,e004
PED00175,e002,e005
PED00175,e002,e006
PED00175,e002,e007
PED00175,e002,e008
PED00175,e002,e009
PED00175,e002,e010
PED00175,e003,e004
PED00175,e003,e005
PED00175,e003,e006
PED00175,e003,e007
PED00175,e003,e008
PED00175,e003,e009
PED00175,e003,e010
PED00175,e004,e005
PED00175,e004,e006
PED00175,e004,e007
PED00175,e004,e008
PED00175,e004,e009
PED00175,e004,e010
PED00175,e005,e006
PED00175,e005,e007
PED00175,e005,e008
PED00175,e005,e009
PED00175,e005,e010
PED00175,e006,e007
PED00175,e006,e008
PED00175,e006,e009
PED00175,e006,e010
PED00175,e007,e008
PED00175,e007,e009
PED00175,e007,e010
PED00175,e008,e009
PED00175,e008,e010
PED00175,e009,e010
PED00153,e001,e002
PED00153,e001,e003
PED00153,e001,e004
PED00153,e001,e005
PED00153,e002,e003
PED00153,e002,e004
PED00153,e002,e005
PED00153,e003,e004
PED00153,e003,e005
PED00153,e004,e005
PED00154,e001,e002
PED00154,e001,e003
PED00154,e001,e004
PED00154,e001,e005
PED00154,e002,e003
PED00154,e002,e004
PED00154,e002,e005
PED00154,e003,e004
PED00154,e003,e005
PED00154,e004,e005
PED00145,e001,e002
PED00145,e001,e003
PED00145,e002,e003
PED00144,e001,e002
PED00144,e001,e003
PED00144,e002,e003
PED00150,e001,e002
PED00150,e001,e003
PED00150,e002,e003
PED00146,e001,e002
PED00146,e001,e003
PED00146,e002,e003
PED00151,e001,e002
PED00151,e001,e003
PED00151,e002,e003
PED00152,e001,e002
PED00152,e001,e003
PED00152,e002,e003
PED00149,e001,e002
PED00149,e001,e003
PED00149,e002,e003
PED00148,e001,e002
PED00147,e001,e002
PED00505,e001,e002
PED00504,e001,e002
PED00228,e001,e002
PED00228,e001,e003
PED00228,e001,e004
PED00228,e001,e005
PED00228,e001,e006
PED00228,e002,e003
PED00228,e002,e004
PED00228,e002,e005
PED00228,e002,e006
PED00228,e003,e004
PED00228,e003,e005
PED00228,e003,e006
PED00228,e004,e005
PED00228,e004,e006
PED00228,e005,e006
PED00235,e001,e002
PED00235,e001,e003
PED00235,e001,e004
PED00235,e001,e005
PED00235,e001,e006
PED00235,e002,e003
PED00235,e002,e004
PED00235,e002,e005
PED00235,e002,e006
PED00235,e003,e004
PED00235,e003,e005
PED00235,e003,e006
PED00235,e004,e005
PED00235,e004,e006
PED00235,e005,e006
PED00229,e001,e002
PED00229,e001,e003
PED00229,e001,e004
PED00229,e001,e005
PED00229,e001,e006
PED00229,e002,e003
PED00229,e002,e004
PED00229,e002,e005
PED00229,e002,e006
PED00229,e003,e004
PED00229,e003,e005
PED00229,e003,e006
PED00229,e004,e005
PED00229,e004,e006
PED00229,e005,e006
PED00236,e001,e002
PED00236,e001,e003
PED00236,e001,e004
PED00236,e001,e005
PED00236,e001,e006
PED00236,e002,e003
PED00236,e002,e004
PED00236,e002,e005
PED00236,e002,e006
PED00236,e003,e004
PED00236,e003,e005
PED00236,e003,e006
PED00236,e004,e005
PED00236,e004,e006
PED00236,e005,e006
PED00230,e001,e002
PED00230,e001,e003
PED00230,e001,e004
PED00230,e001,e005
PED00230,e001,e006
PED00230,e002,e003
PED00230,e002,e004
PED00230,e002,e005
PED00230,e002,e006
PED00230,e003,e004
PED00230,e003,e005
PED00230,e003,e006
PED00230,e004,e005
PED00230,e004,e006
PED00230,e005,e006
PED00237,e001,e002
PED00237,e001,e003
PED00237,e001,e004
PED00237,e001,e005
PED00237,e001,e006
PED00237,e002,e003
PED00237,e002,e004
PED00237,e002,e005
PED00237,e002,e006
PED00237,e003,e004
PED00237,e003,e005
PED00237,e003,e006
PED00237,e004,e005
PED00237,e004,e006
PED00237,e005,e006
PED00231,e001,e002
PED00231,e001,e003
PED00231,e001,e004
PED00231,e001,e005
PED00231,e001,e006
PED00231,e002,e003
PED00231,e002,e004
PED00231,e002,e005
PED00231,e002,e006
PED00231,e003,e004
PED00231,e003,e005
PED00231,e003,e006
PED00231,e004,e005
PED00231,e004,e006
PED00231,e005,e006
PED00238,e001,e002
PED00238,e001,e003
PED00238,e001,e004
PED00238,e001,e005
PED00238,e001,e006
PED00238,e002,e003
PED00238,e002,e004
PED00238,e002,e005
PED00238,e002,e006
PED00238,e003,e004
PED00238,e003,e005
PED00238,e003,e006
PED00238,e004,e005
PED00238,e004,e006
PED00238,e005,e006
PED00233,e001,e002
PED00233,e001,e003
PED00233,e001,e004
PED00233,e001,e005
PED00233,e001,e006
PED00233,e002,e003
PED00233,e002,e004
PED00233,e002,e005
PED00233,e002,e006
PED00233,e003,e004
PED00233,e003,e005
PED00233,e003,e006
PED00233,e004,e005
PED00233,e004,e006
PED00233,e005,e006
PED00234,e001,e002
PED00234,e001,e003
PED00234,e001,e004
PED00234,e001,e005
PED00234,e001,e006
PED00234,e002,e003
PED00234,e002,e004
PED00234,e002,e005
PED00234,e002,e006
PED00234,e003,e004
PED00234,e003,e005
PED00234,e003,e006
PED00234,e004,e005
PED00234,e004,e006
PED00234,e005,e006
PED00515,e001,e002
PED00515,e001,e003
PED00515,e002,e003
PED00516,e001,e002
PED00516,e001,e003
PED00516,e002,e003
PED00518,e001,e002
PED00518,e001,e003
PED00518,e002,e003
PED00519,e001,e002
PED00519,e001,e003
PED00519,e001,e004
PED00519,e002,e003
PED00519,e002,e004
PED00519,e003,e004
PED00520,e001,e002
PED00520,e001,e003
PED00520,e002,e003
PED00521,e001,e002
PED00521,e001,e003
PED00521,e001,e004
PED00521,e002,e003
PED00521,e002,e004
PED00521,e003,e004
PED00522,e001,e002
PED00522,e001,e003
PED00522,e001,e004
PED00522,e002,e003
PED00522,e002,e004
PED00522,e003,e004
PED00523,e001,e002
PED00523,e001,e003
PED00523,e001,e004
PED00523,e002,e003
PED00523,e002,e004
PED00523,e003,e004
PED00527,e001,e002
PED00527,e001,e003
PED00527,e001,e004
PED00527,e002,e003
PED00527,e002,e004
PED00527,e003,e004
PED00528,e001,e002
PED00529,e001,e002
PED00529,e001,e003
PED00529,e002,e003
PED00526,e001,e003
PED00526,e001,e004
PED00526,e001,e002
PED00526,e003,e004
PED00526,e003,e002
PED00526,e004,e002
PED00517,e002,e004
PED00517,e002,e005
PED00517,e002,e001
PED00517,e002,e003
PED00517,e004,e005
PED00517,e004,e001
PED00517,e004,e003
PED00517,e005,e001
PED00517,e005,e003
PED00517,e001,e003
PED00525,e002,e004
PED00525,e002,e005
PED00525,e002,e001
PED00525,e002,e003
PED00525,e004,e005
PED00525,e004,e001
PED00525,e004,e003
PED00525,e005,e001
PED00525,e005,e003
PED00525,e001,e003
